forecast_date,target,target_end_date,location,type,quantile,value
2020-07-13,1 wk ahead inc death,2020-07-18,04,quantile,0.01,207.47979748856
2020-07-13,1 wk ahead inc death,2020-07-18,04,quantile,0.025,228.977069185346
2020-07-13,1 wk ahead inc death,2020-07-18,04,quantile,0.05,248.719375175517
2020-07-13,1 wk ahead inc death,2020-07-18,04,quantile,0.1,271.2272601593
2020-07-13,1 wk ahead inc death,2020-07-18,04,quantile,0.15,289.43906484529
2020-07-13,1 wk ahead inc death,2020-07-18,04,quantile,0.2,302.744927897357
2020-07-13,1 wk ahead inc death,2020-07-18,04,quantile,0.25,314.837500620579
2020-07-13,1 wk ahead inc death,2020-07-18,04,quantile,0.3,326.491733347714
2020-07-13,1 wk ahead inc death,2020-07-18,04,quantile,0.35,338.841388065817
2020-07-13,1 wk ahead inc death,2020-07-18,04,quantile,0.4,351.26930365764
2020-07-13,1 wk ahead inc death,2020-07-18,04,quantile,0.45,361.531456007036
2020-07-13,1 wk ahead inc death,2020-07-18,04,quantile,0.5,370.860779427068
2020-07-13,1 wk ahead inc death,2020-07-18,04,quantile,0.55,380.472820499908
2020-07-13,1 wk ahead inc death,2020-07-18,04,quantile,0.6,390.955482408985
2020-07-13,1 wk ahead inc death,2020-07-18,04,quantile,0.65,401.866978591802
2020-07-13,1 wk ahead inc death,2020-07-18,04,quantile,0.7,414.305925372829
2020-07-13,1 wk ahead inc death,2020-07-18,04,quantile,0.75,430.027134910508
2020-07-13,1 wk ahead inc death,2020-07-18,04,quantile,0.8,445.926845144343
2020-07-13,1 wk ahead inc death,2020-07-18,04,quantile,0.85,466.790011050302
2020-07-13,1 wk ahead inc death,2020-07-18,04,quantile,0.9,493.173806491027
2020-07-13,1 wk ahead inc death,2020-07-18,04,quantile,0.95,546.348881213524
2020-07-13,1 wk ahead inc death,2020-07-18,04,quantile,0.975,585.022336813207
2020-07-13,1 wk ahead inc death,2020-07-18,04,quantile,0.99,631.423640308932
2020-07-13,2 wk ahead inc death,2020-07-25,04,quantile,0.01,193.721046258715
2020-07-13,2 wk ahead inc death,2020-07-25,04,quantile,0.025,222.848223107486
2020-07-13,2 wk ahead inc death,2020-07-25,04,quantile,0.05,249.239324350051
2020-07-13,2 wk ahead inc death,2020-07-25,04,quantile,0.1,282.656596894649
2020-07-13,2 wk ahead inc death,2020-07-25,04,quantile,0.15,306.436748355509
2020-07-13,2 wk ahead inc death,2020-07-25,04,quantile,0.2,326.423090361121
2020-07-13,2 wk ahead inc death,2020-07-25,04,quantile,0.25,343.724596220438
2020-07-13,2 wk ahead inc death,2020-07-25,04,quantile,0.3,360.06686846847
2020-07-13,2 wk ahead inc death,2020-07-25,04,quantile,0.35,376.148489030068
2020-07-13,2 wk ahead inc death,2020-07-25,04,quantile,0.4,391.752482861453
2020-07-13,2 wk ahead inc death,2020-07-25,04,quantile,0.45,406.902848621786
2020-07-13,2 wk ahead inc death,2020-07-25,04,quantile,0.5,420.172384476536
2020-07-13,2 wk ahead inc death,2020-07-25,04,quantile,0.55,434.481996782845
2020-07-13,2 wk ahead inc death,2020-07-25,04,quantile,0.6,450.199752393287
2020-07-13,2 wk ahead inc death,2020-07-25,04,quantile,0.65,468.306871205505
2020-07-13,2 wk ahead inc death,2020-07-25,04,quantile,0.7,490.776070606699
2020-07-13,2 wk ahead inc death,2020-07-25,04,quantile,0.75,513.052208866595
2020-07-13,2 wk ahead inc death,2020-07-25,04,quantile,0.8,538.48397879571
2020-07-13,2 wk ahead inc death,2020-07-25,04,quantile,0.85,574.866345784351
2020-07-13,2 wk ahead inc death,2020-07-25,04,quantile,0.9,622.738442723534
2020-07-13,2 wk ahead inc death,2020-07-25,04,quantile,0.95,696.823605444294
2020-07-13,2 wk ahead inc death,2020-07-25,04,quantile,0.975,781.981103296248
2020-07-13,2 wk ahead inc death,2020-07-25,04,quantile,0.99,880.314856552432
2020-07-13,3 wk ahead inc death,2020-08-01,04,quantile,0.01,172.380022621953
2020-07-13,3 wk ahead inc death,2020-08-01,04,quantile,0.025,206.658790096495
2020-07-13,3 wk ahead inc death,2020-08-01,04,quantile,0.05,234.928582059268
2020-07-13,3 wk ahead inc death,2020-08-01,04,quantile,0.1,277.500732939882
2020-07-13,3 wk ahead inc death,2020-08-01,04,quantile,0.15,306.877119648296
2020-07-13,3 wk ahead inc death,2020-08-01,04,quantile,0.2,333.403426950951
2020-07-13,3 wk ahead inc death,2020-08-01,04,quantile,0.25,356.447001136258
2020-07-13,3 wk ahead inc death,2020-08-01,04,quantile,0.3,376.486654283052
2020-07-13,3 wk ahead inc death,2020-08-01,04,quantile,0.35,396.857550076209
2020-07-13,3 wk ahead inc death,2020-08-01,04,quantile,0.4,414.999109963829
2020-07-13,3 wk ahead inc death,2020-08-01,04,quantile,0.45,435.427237281233
2020-07-13,3 wk ahead inc death,2020-08-01,04,quantile,0.5,454.048907899734
2020-07-13,3 wk ahead inc death,2020-08-01,04,quantile,0.55,473.500370179758
2020-07-13,3 wk ahead inc death,2020-08-01,04,quantile,0.6,495.710621187699
2020-07-13,3 wk ahead inc death,2020-08-01,04,quantile,0.65,519.33495728097
2020-07-13,3 wk ahead inc death,2020-08-01,04,quantile,0.7,549.116402465965
2020-07-13,3 wk ahead inc death,2020-08-01,04,quantile,0.75,584.635428533115
2020-07-13,3 wk ahead inc death,2020-08-01,04,quantile,0.8,622.291503638145
2020-07-13,3 wk ahead inc death,2020-08-01,04,quantile,0.85,676.48261160847
2020-07-13,3 wk ahead inc death,2020-08-01,04,quantile,0.9,755.190652440784
2020-07-13,3 wk ahead inc death,2020-08-01,04,quantile,0.95,889.294471585793
2020-07-13,3 wk ahead inc death,2020-08-01,04,quantile,0.975,1021.2357338169
2020-07-13,3 wk ahead inc death,2020-08-01,04,quantile,0.99,1267.23865800169
2020-07-13,4 wk ahead inc death,2020-08-08,04,quantile,0.01,153.546618814183
2020-07-13,4 wk ahead inc death,2020-08-08,04,quantile,0.025,187.963713933935
2020-07-13,4 wk ahead inc death,2020-08-08,04,quantile,0.05,225.905175847502
2020-07-13,4 wk ahead inc death,2020-08-08,04,quantile,0.1,278.350240966379
2020-07-13,4 wk ahead inc death,2020-08-08,04,quantile,0.15,315.066711368589
2020-07-13,4 wk ahead inc death,2020-08-08,04,quantile,0.2,344.842175377337
2020-07-13,4 wk ahead inc death,2020-08-08,04,quantile,0.25,371.783892007953
2020-07-13,4 wk ahead inc death,2020-08-08,04,quantile,0.3,398.410396060971
2020-07-13,4 wk ahead inc death,2020-08-08,04,quantile,0.35,422.90155444106
2020-07-13,4 wk ahead inc death,2020-08-08,04,quantile,0.4,445.078722791635
2020-07-13,4 wk ahead inc death,2020-08-08,04,quantile,0.45,467.645114655692
2020-07-13,4 wk ahead inc death,2020-08-08,04,quantile,0.5,490.884407252141
2020-07-13,4 wk ahead inc death,2020-08-08,04,quantile,0.55,514.697139094322
2020-07-13,4 wk ahead inc death,2020-08-08,04,quantile,0.6,542.459208854698
2020-07-13,4 wk ahead inc death,2020-08-08,04,quantile,0.65,574.097426865499
2020-07-13,4 wk ahead inc death,2020-08-08,04,quantile,0.7,608.718151495227
2020-07-13,4 wk ahead inc death,2020-08-08,04,quantile,0.75,659.67536940025
2020-07-13,4 wk ahead inc death,2020-08-08,04,quantile,0.8,713.643055860172
2020-07-13,4 wk ahead inc death,2020-08-08,04,quantile,0.85,787.251671526437
2020-07-13,4 wk ahead inc death,2020-08-08,04,quantile,0.9,894.279218631431
2020-07-13,4 wk ahead inc death,2020-08-08,04,quantile,0.95,1111.23231781308
2020-07-13,4 wk ahead inc death,2020-08-08,04,quantile,0.975,1358.61868185427
2020-07-13,4 wk ahead inc death,2020-08-08,04,quantile,0.99,1629.71533736429
2020-07-13,1 wk ahead inc death,2020-07-18,04,point,,369.971121048636
2020-07-13,2 wk ahead inc death,2020-07-25,04,point,,418.769371417627
2020-07-13,3 wk ahead inc death,2020-08-01,04,point,,452.944605562535
2020-07-13,4 wk ahead inc death,2020-08-08,04,point,,490.714879378752
2020-07-13,1 wk ahead inc death,2020-07-18,06,quantile,0.01,384.663026128427
2020-07-13,1 wk ahead inc death,2020-07-18,06,quantile,0.025,413.335146711063
2020-07-13,1 wk ahead inc death,2020-07-18,06,quantile,0.05,448.614116514998
2020-07-13,1 wk ahead inc death,2020-07-18,06,quantile,0.1,487.16776458641
2020-07-13,1 wk ahead inc death,2020-07-18,06,quantile,0.15,516.348999489532
2020-07-13,1 wk ahead inc death,2020-07-18,06,quantile,0.2,537.105626298838
2020-07-13,1 wk ahead inc death,2020-07-18,06,quantile,0.25,558.466201862765
2020-07-13,1 wk ahead inc death,2020-07-18,06,quantile,0.3,577.024263854447
2020-07-13,1 wk ahead inc death,2020-07-18,06,quantile,0.35,592.674734764944
2020-07-13,1 wk ahead inc death,2020-07-18,06,quantile,0.4,609.998651264891
2020-07-13,1 wk ahead inc death,2020-07-18,06,quantile,0.45,626.095383990378
2020-07-13,1 wk ahead inc death,2020-07-18,06,quantile,0.5,641.89239798717
2020-07-13,1 wk ahead inc death,2020-07-18,06,quantile,0.55,657.496170655603
2020-07-13,1 wk ahead inc death,2020-07-18,06,quantile,0.6,673.934073350608
2020-07-13,1 wk ahead inc death,2020-07-18,06,quantile,0.65,693.621399268012
2020-07-13,1 wk ahead inc death,2020-07-18,06,quantile,0.7,712.398381108855
2020-07-13,1 wk ahead inc death,2020-07-18,06,quantile,0.75,731.745544437187
2020-07-13,1 wk ahead inc death,2020-07-18,06,quantile,0.8,757.881109269715
2020-07-13,1 wk ahead inc death,2020-07-18,06,quantile,0.85,784.379343064231
2020-07-13,1 wk ahead inc death,2020-07-18,06,quantile,0.9,824.513568460283
2020-07-13,1 wk ahead inc death,2020-07-18,06,quantile,0.95,883.688440599301
2020-07-13,1 wk ahead inc death,2020-07-18,06,quantile,0.975,935.621735286515
2020-07-13,1 wk ahead inc death,2020-07-18,06,quantile,0.99,997.458883693582
2020-07-13,2 wk ahead inc death,2020-07-25,06,quantile,0.01,367.145446526285
2020-07-13,2 wk ahead inc death,2020-07-25,06,quantile,0.025,405.046077105229
2020-07-13,2 wk ahead inc death,2020-07-25,06,quantile,0.05,443.377966125539
2020-07-13,2 wk ahead inc death,2020-07-25,06,quantile,0.1,495.407442477376
2020-07-13,2 wk ahead inc death,2020-07-25,06,quantile,0.15,530.743558912577
2020-07-13,2 wk ahead inc death,2020-07-25,06,quantile,0.2,563.531318654427
2020-07-13,2 wk ahead inc death,2020-07-25,06,quantile,0.25,592.072463797504
2020-07-13,2 wk ahead inc death,2020-07-25,06,quantile,0.3,618.308386510496
2020-07-13,2 wk ahead inc death,2020-07-25,06,quantile,0.35,645.087846352384
2020-07-13,2 wk ahead inc death,2020-07-25,06,quantile,0.4,670.095731984851
2020-07-13,2 wk ahead inc death,2020-07-25,06,quantile,0.45,695.952249323498
2020-07-13,2 wk ahead inc death,2020-07-25,06,quantile,0.5,718.467171044631
2020-07-13,2 wk ahead inc death,2020-07-25,06,quantile,0.55,745.213063739911
2020-07-13,2 wk ahead inc death,2020-07-25,06,quantile,0.6,771.182572615734
2020-07-13,2 wk ahead inc death,2020-07-25,06,quantile,0.65,799.466364530826
2020-07-13,2 wk ahead inc death,2020-07-25,06,quantile,0.7,829.155447078486
2020-07-13,2 wk ahead inc death,2020-07-25,06,quantile,0.75,862.748241517192
2020-07-13,2 wk ahead inc death,2020-07-25,06,quantile,0.8,901.379382396118
2020-07-13,2 wk ahead inc death,2020-07-25,06,quantile,0.85,944.418706689722
2020-07-13,2 wk ahead inc death,2020-07-25,06,quantile,0.9,1011.12012146841
2020-07-13,2 wk ahead inc death,2020-07-25,06,quantile,0.95,1108.10531807762
2020-07-13,2 wk ahead inc death,2020-07-25,06,quantile,0.975,1204.80029688327
2020-07-13,2 wk ahead inc death,2020-07-25,06,quantile,0.99,1327.96317561014
2020-07-13,3 wk ahead inc death,2020-08-01,06,quantile,0.01,315.02618122745
2020-07-13,3 wk ahead inc death,2020-08-01,06,quantile,0.025,360.011405172217
2020-07-13,3 wk ahead inc death,2020-08-01,06,quantile,0.05,405.648156945746
2020-07-13,3 wk ahead inc death,2020-08-01,06,quantile,0.1,462.381566957364
2020-07-13,3 wk ahead inc death,2020-08-01,06,quantile,0.15,510.282736427607
2020-07-13,3 wk ahead inc death,2020-08-01,06,quantile,0.2,548.320883754478
2020-07-13,3 wk ahead inc death,2020-08-01,06,quantile,0.25,586.950935181568
2020-07-13,3 wk ahead inc death,2020-08-01,06,quantile,0.3,620.224226069707
2020-07-13,3 wk ahead inc death,2020-08-01,06,quantile,0.35,654.43959987007
2020-07-13,3 wk ahead inc death,2020-08-01,06,quantile,0.4,689.120052955281
2020-07-13,3 wk ahead inc death,2020-08-01,06,quantile,0.45,723.436041076966
2020-07-13,3 wk ahead inc death,2020-08-01,06,quantile,0.5,758.039735778644
2020-07-13,3 wk ahead inc death,2020-08-01,06,quantile,0.55,796.282636572002
2020-07-13,3 wk ahead inc death,2020-08-01,06,quantile,0.6,832.43513750506
2020-07-13,3 wk ahead inc death,2020-08-01,06,quantile,0.65,870.395424702511
2020-07-13,3 wk ahead inc death,2020-08-01,06,quantile,0.7,914.54421050376
2020-07-13,3 wk ahead inc death,2020-08-01,06,quantile,0.75,960.246030882947
2020-07-13,3 wk ahead inc death,2020-08-01,06,quantile,0.8,1019.90955719769
2020-07-13,3 wk ahead inc death,2020-08-01,06,quantile,0.85,1090.64570515979
2020-07-13,3 wk ahead inc death,2020-08-01,06,quantile,0.9,1178.59477705769
2020-07-13,3 wk ahead inc death,2020-08-01,06,quantile,0.95,1329.04893305363
2020-07-13,3 wk ahead inc death,2020-08-01,06,quantile,0.975,1482.42214523472
2020-07-13,3 wk ahead inc death,2020-08-01,06,quantile,0.99,1745.85333538264
2020-07-13,4 wk ahead inc death,2020-08-08,06,quantile,0.01,269.473256273442
2020-07-13,4 wk ahead inc death,2020-08-08,06,quantile,0.025,323.708015252573
2020-07-13,4 wk ahead inc death,2020-08-08,06,quantile,0.05,371.054080755285
2020-07-13,4 wk ahead inc death,2020-08-08,06,quantile,0.1,436.439186437455
2020-07-13,4 wk ahead inc death,2020-08-08,06,quantile,0.15,490.657498788093
2020-07-13,4 wk ahead inc death,2020-08-08,06,quantile,0.2,539.510697417271
2020-07-13,4 wk ahead inc death,2020-08-08,06,quantile,0.25,585.54103605767
2020-07-13,4 wk ahead inc death,2020-08-08,06,quantile,0.3,626.782679297278
2020-07-13,4 wk ahead inc death,2020-08-08,06,quantile,0.35,670.714748037925
2020-07-13,4 wk ahead inc death,2020-08-08,06,quantile,0.4,710.107234111196
2020-07-13,4 wk ahead inc death,2020-08-08,06,quantile,0.45,752.92606927306
2020-07-13,4 wk ahead inc death,2020-08-08,06,quantile,0.5,796.871882624997
2020-07-13,4 wk ahead inc death,2020-08-08,06,quantile,0.55,846.553193977142
2020-07-13,4 wk ahead inc death,2020-08-08,06,quantile,0.6,892.101507454733
2020-07-13,4 wk ahead inc death,2020-08-08,06,quantile,0.65,949.805163421911
2020-07-13,4 wk ahead inc death,2020-08-08,06,quantile,0.7,1006.81636931457
2020-07-13,4 wk ahead inc death,2020-08-08,06,quantile,0.75,1073.84343340387
2020-07-13,4 wk ahead inc death,2020-08-08,06,quantile,0.8,1153.83214508119
2020-07-13,4 wk ahead inc death,2020-08-08,06,quantile,0.85,1240.92760700181
2020-07-13,4 wk ahead inc death,2020-08-08,06,quantile,0.9,1372.01211236733
2020-07-13,4 wk ahead inc death,2020-08-08,06,quantile,0.95,1604.23967148639
2020-07-13,4 wk ahead inc death,2020-08-08,06,quantile,0.975,1868.37607830738
2020-07-13,4 wk ahead inc death,2020-08-08,06,quantile,0.99,2411.55519862359
2020-07-13,1 wk ahead inc death,2020-07-18,06,point,,642.825312066312
2020-07-13,2 wk ahead inc death,2020-07-25,06,point,,721.018462348621
2020-07-13,3 wk ahead inc death,2020-08-01,06,point,,761.460355314807
2020-07-13,4 wk ahead inc death,2020-08-08,06,point,,802.060249598779
2020-07-13,1 wk ahead inc death,2020-07-18,12,quantile,0.01,366.211049643899
2020-07-13,1 wk ahead inc death,2020-07-18,12,quantile,0.025,397.564003094758
2020-07-13,1 wk ahead inc death,2020-07-18,12,quantile,0.05,426.815116410288
2020-07-13,1 wk ahead inc death,2020-07-18,12,quantile,0.1,465.757598574168
2020-07-13,1 wk ahead inc death,2020-07-18,12,quantile,0.15,496.630877482112
2020-07-13,1 wk ahead inc death,2020-07-18,12,quantile,0.2,523.243140594504
2020-07-13,1 wk ahead inc death,2020-07-18,12,quantile,0.25,542.918403861378
2020-07-13,1 wk ahead inc death,2020-07-18,12,quantile,0.3,560.301077812134
2020-07-13,1 wk ahead inc death,2020-07-18,12,quantile,0.35,575.943494350124
2020-07-13,1 wk ahead inc death,2020-07-18,12,quantile,0.4,592.666741227837
2020-07-13,1 wk ahead inc death,2020-07-18,12,quantile,0.45,608.538593075539
2020-07-13,1 wk ahead inc death,2020-07-18,12,quantile,0.5,624.232695396802
2020-07-13,1 wk ahead inc death,2020-07-18,12,quantile,0.55,640.757154659975
2020-07-13,1 wk ahead inc death,2020-07-18,12,quantile,0.6,656.739071236461
2020-07-13,1 wk ahead inc death,2020-07-18,12,quantile,0.65,674.102689298383
2020-07-13,1 wk ahead inc death,2020-07-18,12,quantile,0.7,695.39239596359
2020-07-13,1 wk ahead inc death,2020-07-18,12,quantile,0.75,715.345319386412
2020-07-13,1 wk ahead inc death,2020-07-18,12,quantile,0.8,739.174210724003
2020-07-13,1 wk ahead inc death,2020-07-18,12,quantile,0.85,768.933277987992
2020-07-13,1 wk ahead inc death,2020-07-18,12,quantile,0.9,806.185473670421
2020-07-13,1 wk ahead inc death,2020-07-18,12,quantile,0.95,870.051147262304
2020-07-13,1 wk ahead inc death,2020-07-18,12,quantile,0.975,927.840297299545
2020-07-13,1 wk ahead inc death,2020-07-18,12,quantile,0.99,1004.57289229938
2020-07-13,2 wk ahead inc death,2020-07-25,12,quantile,0.01,369.904009140975
2020-07-13,2 wk ahead inc death,2020-07-25,12,quantile,0.025,414.377404439066
2020-07-13,2 wk ahead inc death,2020-07-25,12,quantile,0.05,463.220342650186
2020-07-13,2 wk ahead inc death,2020-07-25,12,quantile,0.1,528.731342649283
2020-07-13,2 wk ahead inc death,2020-07-25,12,quantile,0.15,584.073648290877
2020-07-13,2 wk ahead inc death,2020-07-25,12,quantile,0.2,625.763206809386
2020-07-13,2 wk ahead inc death,2020-07-25,12,quantile,0.25,656.610479407114
2020-07-13,2 wk ahead inc death,2020-07-25,12,quantile,0.3,689.579203891207
2020-07-13,2 wk ahead inc death,2020-07-25,12,quantile,0.35,717.094799266557
2020-07-13,2 wk ahead inc death,2020-07-25,12,quantile,0.4,744.563880509764
2020-07-13,2 wk ahead inc death,2020-07-25,12,quantile,0.45,771.600463524003
2020-07-13,2 wk ahead inc death,2020-07-25,12,quantile,0.5,800.019515864415
2020-07-13,2 wk ahead inc death,2020-07-25,12,quantile,0.55,829.405956596657
2020-07-13,2 wk ahead inc death,2020-07-25,12,quantile,0.6,860.656899804731
2020-07-13,2 wk ahead inc death,2020-07-25,12,quantile,0.65,895.456590991678
2020-07-13,2 wk ahead inc death,2020-07-25,12,quantile,0.7,933.566398747874
2020-07-13,2 wk ahead inc death,2020-07-25,12,quantile,0.75,974.987061041127
2020-07-13,2 wk ahead inc death,2020-07-25,12,quantile,0.8,1020.18169333948
2020-07-13,2 wk ahead inc death,2020-07-25,12,quantile,0.85,1086.89468883013
2020-07-13,2 wk ahead inc death,2020-07-25,12,quantile,0.9,1172.69813108879
2020-07-13,2 wk ahead inc death,2020-07-25,12,quantile,0.95,1318.37096653742
2020-07-13,2 wk ahead inc death,2020-07-25,12,quantile,0.975,1456.45620509058
2020-07-13,2 wk ahead inc death,2020-07-25,12,quantile,0.99,1660.49165013794
2020-07-13,3 wk ahead inc death,2020-08-01,12,quantile,0.01,352.598460462434
2020-07-13,3 wk ahead inc death,2020-08-01,12,quantile,0.025,409.903487979895
2020-07-13,3 wk ahead inc death,2020-08-01,12,quantile,0.05,464.385675416013
2020-07-13,3 wk ahead inc death,2020-08-01,12,quantile,0.1,546.87497142599
2020-07-13,3 wk ahead inc death,2020-08-01,12,quantile,0.15,619.810396910197
2020-07-13,3 wk ahead inc death,2020-08-01,12,quantile,0.2,675.385190322235
2020-07-13,3 wk ahead inc death,2020-08-01,12,quantile,0.25,725.455591994365
2020-07-13,3 wk ahead inc death,2020-08-01,12,quantile,0.3,773.007931219274
2020-07-13,3 wk ahead inc death,2020-08-01,12,quantile,0.35,812.896956686547
2020-07-13,3 wk ahead inc death,2020-08-01,12,quantile,0.4,853.647830289066
2020-07-13,3 wk ahead inc death,2020-08-01,12,quantile,0.45,895.696979286405
2020-07-13,3 wk ahead inc death,2020-08-01,12,quantile,0.5,941.955987254397
2020-07-13,3 wk ahead inc death,2020-08-01,12,quantile,0.55,987.541975296123
2020-07-13,3 wk ahead inc death,2020-08-01,12,quantile,0.6,1032.88529811058
2020-07-13,3 wk ahead inc death,2020-08-01,12,quantile,0.65,1080.15600886462
2020-07-13,3 wk ahead inc death,2020-08-01,12,quantile,0.7,1143.66757632063
2020-07-13,3 wk ahead inc death,2020-08-01,12,quantile,0.75,1212.67695184116
2020-07-13,3 wk ahead inc death,2020-08-01,12,quantile,0.8,1303.49798702894
2020-07-13,3 wk ahead inc death,2020-08-01,12,quantile,0.85,1419.82298480247
2020-07-13,3 wk ahead inc death,2020-08-01,12,quantile,0.9,1598.55448856309
2020-07-13,3 wk ahead inc death,2020-08-01,12,quantile,0.95,1853.7092382245
2020-07-13,3 wk ahead inc death,2020-08-01,12,quantile,0.975,2168.74882142448
2020-07-13,3 wk ahead inc death,2020-08-01,12,quantile,0.99,2589.74316558483
2020-07-13,4 wk ahead inc death,2020-08-08,12,quantile,0.01,318.471055021011
2020-07-13,4 wk ahead inc death,2020-08-08,12,quantile,0.025,380.880220632863
2020-07-13,4 wk ahead inc death,2020-08-08,12,quantile,0.05,444.679010854291
2020-07-13,4 wk ahead inc death,2020-08-08,12,quantile,0.1,553.283695184494
2020-07-13,4 wk ahead inc death,2020-08-08,12,quantile,0.15,653.017402511611
2020-07-13,4 wk ahead inc death,2020-08-08,12,quantile,0.2,731.939276792442
2020-07-13,4 wk ahead inc death,2020-08-08,12,quantile,0.25,794.281639398933
2020-07-13,4 wk ahead inc death,2020-08-08,12,quantile,0.3,863.855251306594
2020-07-13,4 wk ahead inc death,2020-08-08,12,quantile,0.35,920.547429591467
2020-07-13,4 wk ahead inc death,2020-08-08,12,quantile,0.4,975.904648226612
2020-07-13,4 wk ahead inc death,2020-08-08,12,quantile,0.45,1034.96629893304
2020-07-13,4 wk ahead inc death,2020-08-08,12,quantile,0.5,1099.17835631333
2020-07-13,4 wk ahead inc death,2020-08-08,12,quantile,0.55,1157.65613152672
2020-07-13,4 wk ahead inc death,2020-08-08,12,quantile,0.6,1223.31197128652
2020-07-13,4 wk ahead inc death,2020-08-08,12,quantile,0.65,1297.0193635964
2020-07-13,4 wk ahead inc death,2020-08-08,12,quantile,0.7,1383.59170512647
2020-07-13,4 wk ahead inc death,2020-08-08,12,quantile,0.75,1481.03503592473
2020-07-13,4 wk ahead inc death,2020-08-08,12,quantile,0.8,1632.01581655672
2020-07-13,4 wk ahead inc death,2020-08-08,12,quantile,0.85,1853.66128359929
2020-07-13,4 wk ahead inc death,2020-08-08,12,quantile,0.9,2186.04159453801
2020-07-13,4 wk ahead inc death,2020-08-08,12,quantile,0.95,2716.28546375327
2020-07-13,4 wk ahead inc death,2020-08-08,12,quantile,0.975,3246.17872895606
2020-07-13,4 wk ahead inc death,2020-08-08,12,quantile,0.99,4026.36419921208
2020-07-13,1 wk ahead inc death,2020-07-18,12,point,,623.515468480636
2020-07-13,2 wk ahead inc death,2020-07-25,12,point,,798.841891193754
2020-07-13,3 wk ahead inc death,2020-08-01,12,point,,940.006401819991
2020-07-13,4 wk ahead inc death,2020-08-08,12,point,,1098.7571396149
2020-07-13,1 wk ahead inc death,2020-07-18,13,quantile,0.01,62.3536459273255
2020-07-13,1 wk ahead inc death,2020-07-18,13,quantile,0.025,70.8963194164237
2020-07-13,1 wk ahead inc death,2020-07-18,13,quantile,0.05,81.0612765912236
2020-07-13,1 wk ahead inc death,2020-07-18,13,quantile,0.1,94.5856727435265
2020-07-13,1 wk ahead inc death,2020-07-18,13,quantile,0.15,104.891802705179
2020-07-13,1 wk ahead inc death,2020-07-18,13,quantile,0.2,112.28037185436
2020-07-13,1 wk ahead inc death,2020-07-18,13,quantile,0.25,119.134993550923
2020-07-13,1 wk ahead inc death,2020-07-18,13,quantile,0.3,124.947333502734
2020-07-13,1 wk ahead inc death,2020-07-18,13,quantile,0.35,132.026910538337
2020-07-13,1 wk ahead inc death,2020-07-18,13,quantile,0.4,137.553842494258
2020-07-13,1 wk ahead inc death,2020-07-18,13,quantile,0.45,144.108639029465
2020-07-13,1 wk ahead inc death,2020-07-18,13,quantile,0.5,150.15913020458
2020-07-13,1 wk ahead inc death,2020-07-18,13,quantile,0.55,156.962593066592
2020-07-13,1 wk ahead inc death,2020-07-18,13,quantile,0.6,163.672500890728
2020-07-13,1 wk ahead inc death,2020-07-18,13,quantile,0.65,171.039123605799
2020-07-13,1 wk ahead inc death,2020-07-18,13,quantile,0.7,178.941177568523
2020-07-13,1 wk ahead inc death,2020-07-18,13,quantile,0.75,186.135099945454
2020-07-13,1 wk ahead inc death,2020-07-18,13,quantile,0.8,195.247444607792
2020-07-13,1 wk ahead inc death,2020-07-18,13,quantile,0.85,206.161433830803
2020-07-13,1 wk ahead inc death,2020-07-18,13,quantile,0.9,223.045190314052
2020-07-13,1 wk ahead inc death,2020-07-18,13,quantile,0.95,248.315593366398
2020-07-13,1 wk ahead inc death,2020-07-18,13,quantile,0.975,269.275801842534
2020-07-13,1 wk ahead inc death,2020-07-18,13,quantile,0.99,295.754579664772
2020-07-13,2 wk ahead inc death,2020-07-25,13,quantile,0.01,54.7743672257706
2020-07-13,2 wk ahead inc death,2020-07-25,13,quantile,0.025,63.1493181360989
2020-07-13,2 wk ahead inc death,2020-07-25,13,quantile,0.05,73.8156570130405
2020-07-13,2 wk ahead inc death,2020-07-25,13,quantile,0.1,89.120575332566
2020-07-13,2 wk ahead inc death,2020-07-25,13,quantile,0.15,104.090902392319
2020-07-13,2 wk ahead inc death,2020-07-25,13,quantile,0.2,113.493160316948
2020-07-13,2 wk ahead inc death,2020-07-25,13,quantile,0.25,122.211881686074
2020-07-13,2 wk ahead inc death,2020-07-25,13,quantile,0.3,130.166010911706
2020-07-13,2 wk ahead inc death,2020-07-25,13,quantile,0.35,137.869678916605
2020-07-13,2 wk ahead inc death,2020-07-25,13,quantile,0.4,146.392491894527
2020-07-13,2 wk ahead inc death,2020-07-25,13,quantile,0.45,153.861331121292
2020-07-13,2 wk ahead inc death,2020-07-25,13,quantile,0.5,162.952970878746
2020-07-13,2 wk ahead inc death,2020-07-25,13,quantile,0.55,176.15704478566
2020-07-13,2 wk ahead inc death,2020-07-25,13,quantile,0.6,185.348335815688
2020-07-13,2 wk ahead inc death,2020-07-25,13,quantile,0.65,195.315649069631
2020-07-13,2 wk ahead inc death,2020-07-25,13,quantile,0.7,205.892223277257
2020-07-13,2 wk ahead inc death,2020-07-25,13,quantile,0.75,215.953509646845
2020-07-13,2 wk ahead inc death,2020-07-25,13,quantile,0.8,228.888169305022
2020-07-13,2 wk ahead inc death,2020-07-25,13,quantile,0.85,244.457648142509
2020-07-13,2 wk ahead inc death,2020-07-25,13,quantile,0.9,271.319742445303
2020-07-13,2 wk ahead inc death,2020-07-25,13,quantile,0.95,305.805210952027
2020-07-13,2 wk ahead inc death,2020-07-25,13,quantile,0.975,336.210037623002
2020-07-13,2 wk ahead inc death,2020-07-25,13,quantile,0.99,371.166686751693
2020-07-13,3 wk ahead inc death,2020-08-01,13,quantile,0.01,49.6785334889706
2020-07-13,3 wk ahead inc death,2020-08-01,13,quantile,0.025,57.1093903479675
2020-07-13,3 wk ahead inc death,2020-08-01,13,quantile,0.05,64.3140699586258
2020-07-13,3 wk ahead inc death,2020-08-01,13,quantile,0.1,81.2680118238954
2020-07-13,3 wk ahead inc death,2020-08-01,13,quantile,0.15,98.9221730031289
2020-07-13,3 wk ahead inc death,2020-08-01,13,quantile,0.2,109.870029524304
2020-07-13,3 wk ahead inc death,2020-08-01,13,quantile,0.25,119.762302949085
2020-07-13,3 wk ahead inc death,2020-08-01,13,quantile,0.3,129.276748078999
2020-07-13,3 wk ahead inc death,2020-08-01,13,quantile,0.35,138.685103394889
2020-07-13,3 wk ahead inc death,2020-08-01,13,quantile,0.4,149.255919433484
2020-07-13,3 wk ahead inc death,2020-08-01,13,quantile,0.45,159.421110991301
2020-07-13,3 wk ahead inc death,2020-08-01,13,quantile,0.5,170.744211082875
2020-07-13,3 wk ahead inc death,2020-08-01,13,quantile,0.55,190.149111377549
2020-07-13,3 wk ahead inc death,2020-08-01,13,quantile,0.6,202.666005032903
2020-07-13,3 wk ahead inc death,2020-08-01,13,quantile,0.65,214.489396342527
2020-07-13,3 wk ahead inc death,2020-08-01,13,quantile,0.7,228.401575769298
2020-07-13,3 wk ahead inc death,2020-08-01,13,quantile,0.75,242.341554172432
2020-07-13,3 wk ahead inc death,2020-08-01,13,quantile,0.8,259.318397294278
2020-07-13,3 wk ahead inc death,2020-08-01,13,quantile,0.85,281.183367341218
2020-07-13,3 wk ahead inc death,2020-08-01,13,quantile,0.9,318.166697292289
2020-07-13,3 wk ahead inc death,2020-08-01,13,quantile,0.95,370.257198867647
2020-07-13,3 wk ahead inc death,2020-08-01,13,quantile,0.975,413.840334321643
2020-07-13,3 wk ahead inc death,2020-08-01,13,quantile,0.99,477.497996817702
2020-07-13,4 wk ahead inc death,2020-08-08,13,quantile,0.01,43.5831094615547
2020-07-13,4 wk ahead inc death,2020-08-08,13,quantile,0.025,49.1810543158378
2020-07-13,4 wk ahead inc death,2020-08-08,13,quantile,0.05,57.0639844901331
2020-07-13,4 wk ahead inc death,2020-08-08,13,quantile,0.1,73.8928024103108
2020-07-13,4 wk ahead inc death,2020-08-08,13,quantile,0.15,92.0770432078281
2020-07-13,4 wk ahead inc death,2020-08-08,13,quantile,0.2,104.503884558596
2020-07-13,4 wk ahead inc death,2020-08-08,13,quantile,0.25,114.861742196603
2020-07-13,4 wk ahead inc death,2020-08-08,13,quantile,0.3,126.758347276233
2020-07-13,4 wk ahead inc death,2020-08-08,13,quantile,0.35,137.591558649551
2020-07-13,4 wk ahead inc death,2020-08-08,13,quantile,0.4,149.319077337209
2020-07-13,4 wk ahead inc death,2020-08-08,13,quantile,0.45,162.091073336815
2020-07-13,4 wk ahead inc death,2020-08-08,13,quantile,0.5,177.161310722304
2020-07-13,4 wk ahead inc death,2020-08-08,13,quantile,0.55,202.259489659482
2020-07-13,4 wk ahead inc death,2020-08-08,13,quantile,0.6,217.084214280812
2020-07-13,4 wk ahead inc death,2020-08-08,13,quantile,0.65,232.169465026466
2020-07-13,4 wk ahead inc death,2020-08-08,13,quantile,0.7,249.672755795259
2020-07-13,4 wk ahead inc death,2020-08-08,13,quantile,0.75,269.642576385407
2020-07-13,4 wk ahead inc death,2020-08-08,13,quantile,0.8,294.208742557952
2020-07-13,4 wk ahead inc death,2020-08-08,13,quantile,0.85,327.612715718043
2020-07-13,4 wk ahead inc death,2020-08-08,13,quantile,0.9,371.110287181959
2020-07-13,4 wk ahead inc death,2020-08-08,13,quantile,0.95,452.131486439524
2020-07-13,4 wk ahead inc death,2020-08-08,13,quantile,0.975,537.274332541883
2020-07-13,4 wk ahead inc death,2020-08-08,13,quantile,0.99,625.652929012883
2020-07-13,1 wk ahead inc death,2020-07-18,13,point,,151.473367871434
2020-07-13,2 wk ahead inc death,2020-07-25,13,point,,166.475808074018
2020-07-13,3 wk ahead inc death,2020-08-01,13,point,,177.126849237444
2020-07-13,4 wk ahead inc death,2020-08-08,13,point,,185.256044821998
2020-07-13,1 wk ahead inc death,2020-07-18,17,quantile,0.01,75.8440671125076
2020-07-13,1 wk ahead inc death,2020-07-18,17,quantile,0.025,84.5787795016988
2020-07-13,1 wk ahead inc death,2020-07-18,17,quantile,0.05,98.5542582596287
2020-07-13,1 wk ahead inc death,2020-07-18,17,quantile,0.1,113.11482081386
2020-07-13,1 wk ahead inc death,2020-07-18,17,quantile,0.15,122.550974191577
2020-07-13,1 wk ahead inc death,2020-07-18,17,quantile,0.2,130.902984790829
2020-07-13,1 wk ahead inc death,2020-07-18,17,quantile,0.25,138.438107529688
2020-07-13,1 wk ahead inc death,2020-07-18,17,quantile,0.3,146.116098605256
2020-07-13,1 wk ahead inc death,2020-07-18,17,quantile,0.35,155.949824595058
2020-07-13,1 wk ahead inc death,2020-07-18,17,quantile,0.4,163.686167918398
2020-07-13,1 wk ahead inc death,2020-07-18,17,quantile,0.45,169.281656050814
2020-07-13,1 wk ahead inc death,2020-07-18,17,quantile,0.5,174.732701923117
2020-07-13,1 wk ahead inc death,2020-07-18,17,quantile,0.55,179.634557261361
2020-07-13,1 wk ahead inc death,2020-07-18,17,quantile,0.6,185.296249493499
2020-07-13,1 wk ahead inc death,2020-07-18,17,quantile,0.65,193.467479038462
2020-07-13,1 wk ahead inc death,2020-07-18,17,quantile,0.7,204.503030765914
2020-07-13,1 wk ahead inc death,2020-07-18,17,quantile,0.75,211.957715168123
2020-07-13,1 wk ahead inc death,2020-07-18,17,quantile,0.8,221.041909752654
2020-07-13,1 wk ahead inc death,2020-07-18,17,quantile,0.85,230.797484365844
2020-07-13,1 wk ahead inc death,2020-07-18,17,quantile,0.9,243.609399701935
2020-07-13,1 wk ahead inc death,2020-07-18,17,quantile,0.95,265.747838584715
2020-07-13,1 wk ahead inc death,2020-07-18,17,quantile,0.975,287.820784582381
2020-07-13,1 wk ahead inc death,2020-07-18,17,quantile,0.99,309.60829380743
2020-07-13,2 wk ahead inc death,2020-07-25,17,quantile,0.01,54.5439969771589
2020-07-13,2 wk ahead inc death,2020-07-25,17,quantile,0.025,66.4578765678759
2020-07-13,2 wk ahead inc death,2020-07-25,17,quantile,0.05,80.6901894954571
2020-07-13,2 wk ahead inc death,2020-07-25,17,quantile,0.1,97.0854931050036
2020-07-13,2 wk ahead inc death,2020-07-25,17,quantile,0.15,110.824881492824
2020-07-13,2 wk ahead inc death,2020-07-25,17,quantile,0.2,120.967751299277
2020-07-13,2 wk ahead inc death,2020-07-25,17,quantile,0.25,128.427813619055
2020-07-13,2 wk ahead inc death,2020-07-25,17,quantile,0.3,136.086795651458
2020-07-13,2 wk ahead inc death,2020-07-25,17,quantile,0.35,144.388739458853
2020-07-13,2 wk ahead inc death,2020-07-25,17,quantile,0.4,154.045635214346
2020-07-13,2 wk ahead inc death,2020-07-25,17,quantile,0.45,162.513043911378
2020-07-13,2 wk ahead inc death,2020-07-25,17,quantile,0.5,169.665479458722
2020-07-13,2 wk ahead inc death,2020-07-25,17,quantile,0.55,177.281547452156
2020-07-13,2 wk ahead inc death,2020-07-25,17,quantile,0.6,186.494967006459
2020-07-13,2 wk ahead inc death,2020-07-25,17,quantile,0.65,197.316350303125
2020-07-13,2 wk ahead inc death,2020-07-25,17,quantile,0.7,207.876160145995
2020-07-13,2 wk ahead inc death,2020-07-25,17,quantile,0.75,219.672806874949
2020-07-13,2 wk ahead inc death,2020-07-25,17,quantile,0.8,231.439327529224
2020-07-13,2 wk ahead inc death,2020-07-25,17,quantile,0.85,246.913418188063
2020-07-13,2 wk ahead inc death,2020-07-25,17,quantile,0.9,268.523124613611
2020-07-13,2 wk ahead inc death,2020-07-25,17,quantile,0.95,298.814778082325
2020-07-13,2 wk ahead inc death,2020-07-25,17,quantile,0.975,330.282453743377
2020-07-13,2 wk ahead inc death,2020-07-25,17,quantile,0.99,365.711831086886
2020-07-13,3 wk ahead inc death,2020-08-01,17,quantile,0.01,38.4753854361753
2020-07-13,3 wk ahead inc death,2020-08-01,17,quantile,0.025,47.6387178136781
2020-07-13,3 wk ahead inc death,2020-08-01,17,quantile,0.05,60.5455069563466
2020-07-13,3 wk ahead inc death,2020-08-01,17,quantile,0.1,81.4283354265283
2020-07-13,3 wk ahead inc death,2020-08-01,17,quantile,0.15,94.2152634785134
2020-07-13,3 wk ahead inc death,2020-08-01,17,quantile,0.2,105.292915364557
2020-07-13,3 wk ahead inc death,2020-08-01,17,quantile,0.25,114.689144349189
2020-07-13,3 wk ahead inc death,2020-08-01,17,quantile,0.3,123.139007132663
2020-07-13,3 wk ahead inc death,2020-08-01,17,quantile,0.35,132.404707087084
2020-07-13,3 wk ahead inc death,2020-08-01,17,quantile,0.4,143.170167323393
2020-07-13,3 wk ahead inc death,2020-08-01,17,quantile,0.45,153.146011958237
2020-07-13,3 wk ahead inc death,2020-08-01,17,quantile,0.5,162.816511348385
2020-07-13,3 wk ahead inc death,2020-08-01,17,quantile,0.55,172.254633616186
2020-07-13,3 wk ahead inc death,2020-08-01,17,quantile,0.6,182.981701622009
2020-07-13,3 wk ahead inc death,2020-08-01,17,quantile,0.65,195.945858310584
2020-07-13,3 wk ahead inc death,2020-08-01,17,quantile,0.7,208.719620322363
2020-07-13,3 wk ahead inc death,2020-08-01,17,quantile,0.75,222.119240045818
2020-07-13,3 wk ahead inc death,2020-08-01,17,quantile,0.8,238.242405889813
2020-07-13,3 wk ahead inc death,2020-08-01,17,quantile,0.85,258.510995163737
2020-07-13,3 wk ahead inc death,2020-08-01,17,quantile,0.9,284.067125462399
2020-07-13,3 wk ahead inc death,2020-08-01,17,quantile,0.95,327.142416016355
2020-07-13,3 wk ahead inc death,2020-08-01,17,quantile,0.975,368.044587827219
2020-07-13,3 wk ahead inc death,2020-08-01,17,quantile,0.99,421.084677724445
2020-07-13,4 wk ahead inc death,2020-08-08,17,quantile,0.01,32.5754768998191
2020-07-13,4 wk ahead inc death,2020-08-08,17,quantile,0.025,39.606602821631
2020-07-13,4 wk ahead inc death,2020-08-08,17,quantile,0.05,47.4121333743875
2020-07-13,4 wk ahead inc death,2020-08-08,17,quantile,0.1,68.3151181248207
2020-07-13,4 wk ahead inc death,2020-08-08,17,quantile,0.15,83.0906307514949
2020-07-13,4 wk ahead inc death,2020-08-08,17,quantile,0.2,94.4744799348452
2020-07-13,4 wk ahead inc death,2020-08-08,17,quantile,0.25,104.630066990574
2020-07-13,4 wk ahead inc death,2020-08-08,17,quantile,0.3,115.725350929739
2020-07-13,4 wk ahead inc death,2020-08-08,17,quantile,0.35,127.494394067402
2020-07-13,4 wk ahead inc death,2020-08-08,17,quantile,0.4,138.714885469279
2020-07-13,4 wk ahead inc death,2020-08-08,17,quantile,0.45,149.019928581737
2020-07-13,4 wk ahead inc death,2020-08-08,17,quantile,0.5,158.930188307995
2020-07-13,4 wk ahead inc death,2020-08-08,17,quantile,0.55,170.544288432518
2020-07-13,4 wk ahead inc death,2020-08-08,17,quantile,0.6,183.70459162598
2020-07-13,4 wk ahead inc death,2020-08-08,17,quantile,0.65,200.047555337108
2020-07-13,4 wk ahead inc death,2020-08-08,17,quantile,0.7,214.559388265437
2020-07-13,4 wk ahead inc death,2020-08-08,17,quantile,0.75,232.063818897656
2020-07-13,4 wk ahead inc death,2020-08-08,17,quantile,0.8,252.270567401792
2020-07-13,4 wk ahead inc death,2020-08-08,17,quantile,0.85,274.854363598491
2020-07-13,4 wk ahead inc death,2020-08-08,17,quantile,0.9,309.099506710646
2020-07-13,4 wk ahead inc death,2020-08-08,17,quantile,0.95,366.34028709012
2020-07-13,4 wk ahead inc death,2020-08-08,17,quantile,0.975,421.328566305445
2020-07-13,4 wk ahead inc death,2020-08-08,17,quantile,0.99,496.427782191473
2020-07-13,1 wk ahead inc death,2020-07-18,17,point,,174.123002952187
2020-07-13,2 wk ahead inc death,2020-07-25,17,point,,169.37798807512
2020-07-13,3 wk ahead inc death,2020-08-01,17,point,,162.991060559219
2020-07-13,4 wk ahead inc death,2020-08-08,17,point,,159.644007081069
2020-07-13,1 wk ahead inc death,2020-07-18,24,quantile,0.01,26.6449339578376
2020-07-13,1 wk ahead inc death,2020-07-18,24,quantile,0.025,31.0512166387544
2020-07-13,1 wk ahead inc death,2020-07-18,24,quantile,0.05,35.7731773887477
2020-07-13,1 wk ahead inc death,2020-07-18,24,quantile,0.1,42.8441715321382
2020-07-13,1 wk ahead inc death,2020-07-18,24,quantile,0.15,47.8567810434946
2020-07-13,1 wk ahead inc death,2020-07-18,24,quantile,0.2,52.7839098347482
2020-07-13,1 wk ahead inc death,2020-07-18,24,quantile,0.25,58.1885068054493
2020-07-13,1 wk ahead inc death,2020-07-18,24,quantile,0.3,62.2779579823629
2020-07-13,1 wk ahead inc death,2020-07-18,24,quantile,0.35,65.5873770692857
2020-07-13,1 wk ahead inc death,2020-07-18,24,quantile,0.4,69.9370628383636
2020-07-13,1 wk ahead inc death,2020-07-18,24,quantile,0.45,73.4227551448396
2020-07-13,1 wk ahead inc death,2020-07-18,24,quantile,0.5,76.1453997256586
2020-07-13,1 wk ahead inc death,2020-07-18,24,quantile,0.55,79.2983359469159
2020-07-13,1 wk ahead inc death,2020-07-18,24,quantile,0.6,82.9256879667187
2020-07-13,1 wk ahead inc death,2020-07-18,24,quantile,0.65,87.6213141027208
2020-07-13,1 wk ahead inc death,2020-07-18,24,quantile,0.7,91.3422617834669
2020-07-13,1 wk ahead inc death,2020-07-18,24,quantile,0.75,96.2208543545359
2020-07-13,1 wk ahead inc death,2020-07-18,24,quantile,0.8,103.377729619339
2020-07-13,1 wk ahead inc death,2020-07-18,24,quantile,0.85,109.514218332573
2020-07-13,1 wk ahead inc death,2020-07-18,24,quantile,0.9,117.863821763739
2020-07-13,1 wk ahead inc death,2020-07-18,24,quantile,0.95,131.244883078063
2020-07-13,1 wk ahead inc death,2020-07-18,24,quantile,0.975,146.632012713998
2020-07-13,1 wk ahead inc death,2020-07-18,24,quantile,0.99,167.026576202648
2020-07-13,2 wk ahead inc death,2020-07-25,24,quantile,0.01,21.3366204279735
2020-07-13,2 wk ahead inc death,2020-07-25,24,quantile,0.025,26.6679523356607
2020-07-13,2 wk ahead inc death,2020-07-25,24,quantile,0.05,30.8847834753679
2020-07-13,2 wk ahead inc death,2020-07-25,24,quantile,0.1,36.8845106052954
2020-07-13,2 wk ahead inc death,2020-07-25,24,quantile,0.15,41.8645387473543
2020-07-13,2 wk ahead inc death,2020-07-25,24,quantile,0.2,48.0280350448007
2020-07-13,2 wk ahead inc death,2020-07-25,24,quantile,0.25,54.1331026513043
2020-07-13,2 wk ahead inc death,2020-07-25,24,quantile,0.3,59.0963188704023
2020-07-13,2 wk ahead inc death,2020-07-25,24,quantile,0.35,63.9549098811916
2020-07-13,2 wk ahead inc death,2020-07-25,24,quantile,0.4,68.1847041250122
2020-07-13,2 wk ahead inc death,2020-07-25,24,quantile,0.45,72.7195414915972
2020-07-13,2 wk ahead inc death,2020-07-25,24,quantile,0.5,77.3537411247372
2020-07-13,2 wk ahead inc death,2020-07-25,24,quantile,0.55,82.6178090290247
2020-07-13,2 wk ahead inc death,2020-07-25,24,quantile,0.6,89.0636542245142
2020-07-13,2 wk ahead inc death,2020-07-25,24,quantile,0.65,94.7057937095596
2020-07-13,2 wk ahead inc death,2020-07-25,24,quantile,0.7,101.426697642359
2020-07-13,2 wk ahead inc death,2020-07-25,24,quantile,0.75,109.521346566222
2020-07-13,2 wk ahead inc death,2020-07-25,24,quantile,0.8,118.875277783234
2020-07-13,2 wk ahead inc death,2020-07-25,24,quantile,0.85,131.524993709733
2020-07-13,2 wk ahead inc death,2020-07-25,24,quantile,0.9,144.778862715292
2020-07-13,2 wk ahead inc death,2020-07-25,24,quantile,0.95,167.106219772943
2020-07-13,2 wk ahead inc death,2020-07-25,24,quantile,0.975,191.930662832339
2020-07-13,2 wk ahead inc death,2020-07-25,24,quantile,0.99,222.63241400384
2020-07-13,3 wk ahead inc death,2020-08-01,24,quantile,0.01,17.7802552014988
2020-07-13,3 wk ahead inc death,2020-08-01,24,quantile,0.025,22.1585895731486
2020-07-13,3 wk ahead inc death,2020-08-01,24,quantile,0.05,25.8254889902169
2020-07-13,3 wk ahead inc death,2020-08-01,24,quantile,0.1,30.2699460240977
2020-07-13,3 wk ahead inc death,2020-08-01,24,quantile,0.15,35.4277258113276
2020-07-13,3 wk ahead inc death,2020-08-01,24,quantile,0.2,39.7833169926563
2020-07-13,3 wk ahead inc death,2020-08-01,24,quantile,0.25,45.6152675981189
2020-07-13,3 wk ahead inc death,2020-08-01,24,quantile,0.3,51.4865385635436
2020-07-13,3 wk ahead inc death,2020-08-01,24,quantile,0.35,56.7596418558008
2020-07-13,3 wk ahead inc death,2020-08-01,24,quantile,0.4,62.545254895132
2020-07-13,3 wk ahead inc death,2020-08-01,24,quantile,0.45,68.459611121907
2020-07-13,3 wk ahead inc death,2020-08-01,24,quantile,0.5,74.2035904008946
2020-07-13,3 wk ahead inc death,2020-08-01,24,quantile,0.55,80.6909744932139
2020-07-13,3 wk ahead inc death,2020-08-01,24,quantile,0.6,88.2501376871296
2020-07-13,3 wk ahead inc death,2020-08-01,24,quantile,0.65,96.7607816218735
2020-07-13,3 wk ahead inc death,2020-08-01,24,quantile,0.7,107.420943105611
2020-07-13,3 wk ahead inc death,2020-08-01,24,quantile,0.75,118.270907636196
2020-07-13,3 wk ahead inc death,2020-08-01,24,quantile,0.8,134.405552139675
2020-07-13,3 wk ahead inc death,2020-08-01,24,quantile,0.85,153.270403535798
2020-07-13,3 wk ahead inc death,2020-08-01,24,quantile,0.9,173.696401798246
2020-07-13,3 wk ahead inc death,2020-08-01,24,quantile,0.95,210.737316267754
2020-07-13,3 wk ahead inc death,2020-08-01,24,quantile,0.975,249.277207561314
2020-07-13,3 wk ahead inc death,2020-08-01,24,quantile,0.99,294.773645987976
2020-07-13,4 wk ahead inc death,2020-08-08,24,quantile,0.01,14.7022487359217
2020-07-13,4 wk ahead inc death,2020-08-08,24,quantile,0.025,18.2673780826714
2020-07-13,4 wk ahead inc death,2020-08-08,24,quantile,0.05,21.6549517000634
2020-07-13,4 wk ahead inc death,2020-08-08,24,quantile,0.1,27.3196302719874
2020-07-13,4 wk ahead inc death,2020-08-08,24,quantile,0.15,31.9675165008341
2020-07-13,4 wk ahead inc death,2020-08-08,24,quantile,0.2,35.4131736334393
2020-07-13,4 wk ahead inc death,2020-08-08,24,quantile,0.25,39.7423210033946
2020-07-13,4 wk ahead inc death,2020-08-08,24,quantile,0.3,45.5243922734452
2020-07-13,4 wk ahead inc death,2020-08-08,24,quantile,0.35,51.2548062727137
2020-07-13,4 wk ahead inc death,2020-08-08,24,quantile,0.4,57.9983251439028
2020-07-13,4 wk ahead inc death,2020-08-08,24,quantile,0.45,66.9513334026635
2020-07-13,4 wk ahead inc death,2020-08-08,24,quantile,0.5,74.7414741321082
2020-07-13,4 wk ahead inc death,2020-08-08,24,quantile,0.55,82.2904252032921
2020-07-13,4 wk ahead inc death,2020-08-08,24,quantile,0.6,92.3484463962235
2020-07-13,4 wk ahead inc death,2020-08-08,24,quantile,0.65,103.051485767113
2020-07-13,4 wk ahead inc death,2020-08-08,24,quantile,0.7,118.721877463012
2020-07-13,4 wk ahead inc death,2020-08-08,24,quantile,0.75,138.077171616702
2020-07-13,4 wk ahead inc death,2020-08-08,24,quantile,0.8,163.488872827252
2020-07-13,4 wk ahead inc death,2020-08-08,24,quantile,0.85,189.316507110485
2020-07-13,4 wk ahead inc death,2020-08-08,24,quantile,0.9,221.110654549429
2020-07-13,4 wk ahead inc death,2020-08-08,24,quantile,0.95,271.825083335996
2020-07-13,4 wk ahead inc death,2020-08-08,24,quantile,0.975,328.656073448505
2020-07-13,4 wk ahead inc death,2020-08-08,24,quantile,0.99,424.8636276069
2020-07-13,1 wk ahead inc death,2020-07-18,24,point,,76.2574875614278
2020-07-13,2 wk ahead inc death,2020-07-25,24,point,,78.1391013338087
2020-07-13,3 wk ahead inc death,2020-08-01,24,point,,74.9254598528884
2020-07-13,4 wk ahead inc death,2020-08-08,24,point,,75.0940584326883
2020-07-13,1 wk ahead inc death,2020-07-18,25,quantile,0.01,45.0981879234037
2020-07-13,1 wk ahead inc death,2020-07-18,25,quantile,0.025,51.5235749907098
2020-07-13,1 wk ahead inc death,2020-07-18,25,quantile,0.05,59.6079082368033
2020-07-13,1 wk ahead inc death,2020-07-18,25,quantile,0.1,68.0509284762291
2020-07-13,1 wk ahead inc death,2020-07-18,25,quantile,0.15,74.3596307116195
2020-07-13,1 wk ahead inc death,2020-07-18,25,quantile,0.2,82.4757886459321
2020-07-13,1 wk ahead inc death,2020-07-18,25,quantile,0.25,87.2807710589338
2020-07-13,1 wk ahead inc death,2020-07-18,25,quantile,0.3,98.4491907644931
2020-07-13,1 wk ahead inc death,2020-07-18,25,quantile,0.35,105.829887960132
2020-07-13,1 wk ahead inc death,2020-07-18,25,quantile,0.4,110.642459079372
2020-07-13,1 wk ahead inc death,2020-07-18,25,quantile,0.45,118.351301725986
2020-07-13,1 wk ahead inc death,2020-07-18,25,quantile,0.5,122.593680678643
2020-07-13,1 wk ahead inc death,2020-07-18,25,quantile,0.55,126.853302252062
2020-07-13,1 wk ahead inc death,2020-07-18,25,quantile,0.6,134.713198886812
2020-07-13,1 wk ahead inc death,2020-07-18,25,quantile,0.65,139.652637340257
2020-07-13,1 wk ahead inc death,2020-07-18,25,quantile,0.7,147.831731058022
2020-07-13,1 wk ahead inc death,2020-07-18,25,quantile,0.75,159.899877806546
2020-07-13,1 wk ahead inc death,2020-07-18,25,quantile,0.8,167.074957701306
2020-07-13,1 wk ahead inc death,2020-07-18,25,quantile,0.85,187.016830679163
2020-07-13,1 wk ahead inc death,2020-07-18,25,quantile,0.9,204.804652805491
2020-07-13,1 wk ahead inc death,2020-07-18,25,quantile,0.95,225.35153564111
2020-07-13,1 wk ahead inc death,2020-07-18,25,quantile,0.975,246.796059396463
2020-07-13,1 wk ahead inc death,2020-07-18,25,quantile,0.99,284.368102440604
2020-07-13,2 wk ahead inc death,2020-07-25,25,quantile,0.01,33.5831645626315
2020-07-13,2 wk ahead inc death,2020-07-25,25,quantile,0.025,40.1176694360079
2020-07-13,2 wk ahead inc death,2020-07-25,25,quantile,0.05,47.7906052784222
2020-07-13,2 wk ahead inc death,2020-07-25,25,quantile,0.1,58.4745723225274
2020-07-13,2 wk ahead inc death,2020-07-25,25,quantile,0.15,65.626086565499
2020-07-13,2 wk ahead inc death,2020-07-25,25,quantile,0.2,71.5085321953225
2020-07-13,2 wk ahead inc death,2020-07-25,25,quantile,0.25,76.5612673846135
2020-07-13,2 wk ahead inc death,2020-07-25,25,quantile,0.3,83.2253228781395
2020-07-13,2 wk ahead inc death,2020-07-25,25,quantile,0.35,92.5979307908224
2020-07-13,2 wk ahead inc death,2020-07-25,25,quantile,0.4,102.310581671146
2020-07-13,2 wk ahead inc death,2020-07-25,25,quantile,0.45,110.662935007523
2020-07-13,2 wk ahead inc death,2020-07-25,25,quantile,0.5,118.53306449322
2020-07-13,2 wk ahead inc death,2020-07-25,25,quantile,0.55,126.68465117747
2020-07-13,2 wk ahead inc death,2020-07-25,25,quantile,0.6,136.34685661734
2020-07-13,2 wk ahead inc death,2020-07-25,25,quantile,0.65,146.263910728503
2020-07-13,2 wk ahead inc death,2020-07-25,25,quantile,0.7,157.291789099241
2020-07-13,2 wk ahead inc death,2020-07-25,25,quantile,0.75,168.963326003295
2020-07-13,2 wk ahead inc death,2020-07-25,25,quantile,0.8,183.467251444032
2020-07-13,2 wk ahead inc death,2020-07-25,25,quantile,0.85,200.876299291276
2020-07-13,2 wk ahead inc death,2020-07-25,25,quantile,0.9,223.781198427153
2020-07-13,2 wk ahead inc death,2020-07-25,25,quantile,0.95,262.331099223951
2020-07-13,2 wk ahead inc death,2020-07-25,25,quantile,0.975,296.20852280197
2020-07-13,2 wk ahead inc death,2020-07-25,25,quantile,0.99,335.986604320403
2020-07-13,3 wk ahead inc death,2020-08-01,25,quantile,0.01,25.9434647452036
2020-07-13,3 wk ahead inc death,2020-08-01,25,quantile,0.025,30.8479340195305
2020-07-13,3 wk ahead inc death,2020-08-01,25,quantile,0.05,36.9843459170549
2020-07-13,3 wk ahead inc death,2020-08-01,25,quantile,0.1,45.548493497471
2020-07-13,3 wk ahead inc death,2020-08-01,25,quantile,0.15,52.3737562324528
2020-07-13,3 wk ahead inc death,2020-08-01,25,quantile,0.2,58.2467909667608
2020-07-13,3 wk ahead inc death,2020-08-01,25,quantile,0.25,62.8809024128725
2020-07-13,3 wk ahead inc death,2020-08-01,25,quantile,0.3,68.1417640138485
2020-07-13,3 wk ahead inc death,2020-08-01,25,quantile,0.35,76.1131017642801
2020-07-13,3 wk ahead inc death,2020-08-01,25,quantile,0.4,86.8508937589802
2020-07-13,3 wk ahead inc death,2020-08-01,25,quantile,0.45,96.7164517812015
2020-07-13,3 wk ahead inc death,2020-08-01,25,quantile,0.5,106.333480241373
2020-07-13,3 wk ahead inc death,2020-08-01,25,quantile,0.55,116.99535527986
2020-07-13,3 wk ahead inc death,2020-08-01,25,quantile,0.6,129.458138204191
2020-07-13,3 wk ahead inc death,2020-08-01,25,quantile,0.65,140.69468229249
2020-07-13,3 wk ahead inc death,2020-08-01,25,quantile,0.7,153.622378579436
2020-07-13,3 wk ahead inc death,2020-08-01,25,quantile,0.75,169.387040568896
2020-07-13,3 wk ahead inc death,2020-08-01,25,quantile,0.8,188.193130904737
2020-07-13,3 wk ahead inc death,2020-08-01,25,quantile,0.85,209.966279853947
2020-07-13,3 wk ahead inc death,2020-08-01,25,quantile,0.9,239.117904572259
2020-07-13,3 wk ahead inc death,2020-08-01,25,quantile,0.95,288.973573948377
2020-07-13,3 wk ahead inc death,2020-08-01,25,quantile,0.975,331.878340088149
2020-07-13,3 wk ahead inc death,2020-08-01,25,quantile,0.99,385.879051915795
2020-07-13,4 wk ahead inc death,2020-08-08,25,quantile,0.01,18.5542625407855
2020-07-13,4 wk ahead inc death,2020-08-08,25,quantile,0.025,24.2897079251247
2020-07-13,4 wk ahead inc death,2020-08-08,25,quantile,0.05,29.6346123154707
2020-07-13,4 wk ahead inc death,2020-08-08,25,quantile,0.1,37.6223066703553
2020-07-13,4 wk ahead inc death,2020-08-08,25,quantile,0.15,44.489646254676
2020-07-13,4 wk ahead inc death,2020-08-08,25,quantile,0.2,49.1479001462482
2020-07-13,4 wk ahead inc death,2020-08-08,25,quantile,0.25,53.8453812713822
2020-07-13,4 wk ahead inc death,2020-08-08,25,quantile,0.3,58.9287000326865
2020-07-13,4 wk ahead inc death,2020-08-08,25,quantile,0.35,64.7682460876336
2020-07-13,4 wk ahead inc death,2020-08-08,25,quantile,0.4,76.2228852447387
2020-07-13,4 wk ahead inc death,2020-08-08,25,quantile,0.45,87.3494717349392
2020-07-13,4 wk ahead inc death,2020-08-08,25,quantile,0.5,97.9192823199483
2020-07-13,4 wk ahead inc death,2020-08-08,25,quantile,0.55,109.276179422149
2020-07-13,4 wk ahead inc death,2020-08-08,25,quantile,0.6,123.138520667907
2020-07-13,4 wk ahead inc death,2020-08-08,25,quantile,0.65,138.572217421478
2020-07-13,4 wk ahead inc death,2020-08-08,25,quantile,0.7,155.61409560184
2020-07-13,4 wk ahead inc death,2020-08-08,25,quantile,0.75,174.214541572628
2020-07-13,4 wk ahead inc death,2020-08-08,25,quantile,0.8,195.968410527506
2020-07-13,4 wk ahead inc death,2020-08-08,25,quantile,0.85,222.312616213569
2020-07-13,4 wk ahead inc death,2020-08-08,25,quantile,0.9,257.807916640004
2020-07-13,4 wk ahead inc death,2020-08-08,25,quantile,0.95,324.118919839058
2020-07-13,4 wk ahead inc death,2020-08-08,25,quantile,0.975,380.351639239917
2020-07-13,4 wk ahead inc death,2020-08-08,25,quantile,0.99,465.777344562174
2020-07-13,1 wk ahead inc death,2020-07-18,25,point,,123.262427164343
2020-07-13,2 wk ahead inc death,2020-07-25,25,point,,119.155052350993
2020-07-13,3 wk ahead inc death,2020-08-01,25,point,,107.111524145114
2020-07-13,4 wk ahead inc death,2020-08-08,25,point,,98.9198717169836
2020-07-13,1 wk ahead inc death,2020-07-18,34,quantile,0.01,83.156692695224
2020-07-13,1 wk ahead inc death,2020-07-18,34,quantile,0.025,94.8677373656812
2020-07-13,1 wk ahead inc death,2020-07-18,34,quantile,0.05,106.578374162979
2020-07-13,1 wk ahead inc death,2020-07-18,34,quantile,0.1,122.437667219904
2020-07-13,1 wk ahead inc death,2020-07-18,34,quantile,0.15,134.960993834211
2020-07-13,1 wk ahead inc death,2020-07-18,34,quantile,0.2,157.537960462245
2020-07-13,1 wk ahead inc death,2020-07-18,34,quantile,0.25,174.119540292877
2020-07-13,1 wk ahead inc death,2020-07-18,34,quantile,0.3,193.110947091857
2020-07-13,1 wk ahead inc death,2020-07-18,34,quantile,0.35,206.172160769779
2020-07-13,1 wk ahead inc death,2020-07-18,34,quantile,0.4,216.056459174972
2020-07-13,1 wk ahead inc death,2020-07-18,34,quantile,0.45,224.273632460076
2020-07-13,1 wk ahead inc death,2020-07-18,34,quantile,0.5,232.091136828316
2020-07-13,1 wk ahead inc death,2020-07-18,34,quantile,0.55,239.447974796884
2020-07-13,1 wk ahead inc death,2020-07-18,34,quantile,0.6,248.029670143474
2020-07-13,1 wk ahead inc death,2020-07-18,34,quantile,0.65,258.991089058786
2020-07-13,1 wk ahead inc death,2020-07-18,34,quantile,0.7,273.864112528237
2020-07-13,1 wk ahead inc death,2020-07-18,34,quantile,0.75,294.080210231996
2020-07-13,1 wk ahead inc death,2020-07-18,34,quantile,0.8,311.656731538121
2020-07-13,1 wk ahead inc death,2020-07-18,34,quantile,0.85,340.996807393384
2020-07-13,1 wk ahead inc death,2020-07-18,34,quantile,0.9,379.79096256385
2020-07-13,1 wk ahead inc death,2020-07-18,34,quantile,0.95,434.068746753358
2020-07-13,1 wk ahead inc death,2020-07-18,34,quantile,0.975,569.820933908081
2020-07-13,1 wk ahead inc death,2020-07-18,34,quantile,0.99,599.419384334793
2020-07-13,2 wk ahead inc death,2020-07-25,34,quantile,0.01,67.9843106611193
2020-07-13,2 wk ahead inc death,2020-07-25,34,quantile,0.025,81.790436906245
2020-07-13,2 wk ahead inc death,2020-07-25,34,quantile,0.05,95.9347005163852
2020-07-13,2 wk ahead inc death,2020-07-25,34,quantile,0.1,112.400573994841
2020-07-13,2 wk ahead inc death,2020-07-25,34,quantile,0.15,126.796402531929
2020-07-13,2 wk ahead inc death,2020-07-25,34,quantile,0.2,138.344248529166
2020-07-13,2 wk ahead inc death,2020-07-25,34,quantile,0.25,147.910269571791
2020-07-13,2 wk ahead inc death,2020-07-25,34,quantile,0.3,168.176050253351
2020-07-13,2 wk ahead inc death,2020-07-25,34,quantile,0.35,187.696235209407
2020-07-13,2 wk ahead inc death,2020-07-25,34,quantile,0.4,206.834376846855
2020-07-13,2 wk ahead inc death,2020-07-25,34,quantile,0.45,222.744167820072
2020-07-13,2 wk ahead inc death,2020-07-25,34,quantile,0.5,236.206482407894
2020-07-13,2 wk ahead inc death,2020-07-25,34,quantile,0.55,251.085243633826
2020-07-13,2 wk ahead inc death,2020-07-25,34,quantile,0.6,267.137131697793
2020-07-13,2 wk ahead inc death,2020-07-25,34,quantile,0.65,288.478140205145
2020-07-13,2 wk ahead inc death,2020-07-25,34,quantile,0.7,309.808408157914
2020-07-13,2 wk ahead inc death,2020-07-25,34,quantile,0.75,333.828235648488
2020-07-13,2 wk ahead inc death,2020-07-25,34,quantile,0.8,366.657555438575
2020-07-13,2 wk ahead inc death,2020-07-25,34,quantile,0.85,399.466722540374
2020-07-13,2 wk ahead inc death,2020-07-25,34,quantile,0.9,458.285716097142
2020-07-13,2 wk ahead inc death,2020-07-25,34,quantile,0.95,579.824540182846
2020-07-13,2 wk ahead inc death,2020-07-25,34,quantile,0.975,642.926813600785
2020-07-13,2 wk ahead inc death,2020-07-25,34,quantile,0.99,718.132297892868
2020-07-13,3 wk ahead inc death,2020-08-01,34,quantile,0.01,48.9090170893246
2020-07-13,3 wk ahead inc death,2020-08-01,34,quantile,0.025,63.7380661095332
2020-07-13,3 wk ahead inc death,2020-08-01,34,quantile,0.05,78.3873415731923
2020-07-13,3 wk ahead inc death,2020-08-01,34,quantile,0.1,96.1452392913171
2020-07-13,3 wk ahead inc death,2020-08-01,34,quantile,0.15,110.194398153548
2020-07-13,3 wk ahead inc death,2020-08-01,34,quantile,0.2,121.452677719767
2020-07-13,3 wk ahead inc death,2020-08-01,34,quantile,0.25,131.438356182221
2020-07-13,3 wk ahead inc death,2020-08-01,34,quantile,0.3,141.82934014443
2020-07-13,3 wk ahead inc death,2020-08-01,34,quantile,0.35,162.109773430173
2020-07-13,3 wk ahead inc death,2020-08-01,34,quantile,0.4,184.238901920568
2020-07-13,3 wk ahead inc death,2020-08-01,34,quantile,0.45,206.535402127587
2020-07-13,3 wk ahead inc death,2020-08-01,34,quantile,0.5,227.874186103438
2020-07-13,3 wk ahead inc death,2020-08-01,34,quantile,0.55,249.028356874778
2020-07-13,3 wk ahead inc death,2020-08-01,34,quantile,0.6,273.54631762524
2020-07-13,3 wk ahead inc death,2020-08-01,34,quantile,0.65,299.896445668455
2020-07-13,3 wk ahead inc death,2020-08-01,34,quantile,0.7,328.036153572143
2020-07-13,3 wk ahead inc death,2020-08-01,34,quantile,0.75,361.293285386157
2020-07-13,3 wk ahead inc death,2020-08-01,34,quantile,0.8,396.495986029973
2020-07-13,3 wk ahead inc death,2020-08-01,34,quantile,0.85,447.331661170565
2020-07-13,3 wk ahead inc death,2020-08-01,34,quantile,0.9,522.958037645027
2020-07-13,3 wk ahead inc death,2020-08-01,34,quantile,0.95,638.161659997216
2020-07-13,3 wk ahead inc death,2020-08-01,34,quantile,0.975,737.556700450681
2020-07-13,3 wk ahead inc death,2020-08-01,34,quantile,0.99,865.993418518613
2020-07-13,4 wk ahead inc death,2020-08-08,34,quantile,0.01,38.6928862432338
2020-07-13,4 wk ahead inc death,2020-08-08,34,quantile,0.025,48.7245213134289
2020-07-13,4 wk ahead inc death,2020-08-08,34,quantile,0.05,62.7091391281872
2020-07-13,4 wk ahead inc death,2020-08-08,34,quantile,0.1,82.2099580778207
2020-07-13,4 wk ahead inc death,2020-08-08,34,quantile,0.15,99.7157992576921
2020-07-13,4 wk ahead inc death,2020-08-08,34,quantile,0.2,112.606782066557
2020-07-13,4 wk ahead inc death,2020-08-08,34,quantile,0.25,122.701252011262
2020-07-13,4 wk ahead inc death,2020-08-08,34,quantile,0.3,134.271080558215
2020-07-13,4 wk ahead inc death,2020-08-08,34,quantile,0.35,147.235959269049
2020-07-13,4 wk ahead inc death,2020-08-08,34,quantile,0.4,173.245457152247
2020-07-13,4 wk ahead inc death,2020-08-08,34,quantile,0.45,199.021062964955
2020-07-13,4 wk ahead inc death,2020-08-08,34,quantile,0.5,227.953162123254
2020-07-13,4 wk ahead inc death,2020-08-08,34,quantile,0.55,260.931990567857
2020-07-13,4 wk ahead inc death,2020-08-08,34,quantile,0.6,290.450272135429
2020-07-13,4 wk ahead inc death,2020-08-08,34,quantile,0.65,322.44891492397
2020-07-13,4 wk ahead inc death,2020-08-08,34,quantile,0.7,356.551871950464
2020-07-13,4 wk ahead inc death,2020-08-08,34,quantile,0.75,394.851113828619
2020-07-13,4 wk ahead inc death,2020-08-08,34,quantile,0.8,442.246413062416
2020-07-13,4 wk ahead inc death,2020-08-08,34,quantile,0.85,505.51645023685
2020-07-13,4 wk ahead inc death,2020-08-08,34,quantile,0.9,595.02857046301
2020-07-13,4 wk ahead inc death,2020-08-08,34,quantile,0.95,726.440572958932
2020-07-13,4 wk ahead inc death,2020-08-08,34,quantile,0.975,860.80136979341
2020-07-13,4 wk ahead inc death,2020-08-08,34,quantile,0.99,1102.42527818596
2020-07-13,1 wk ahead inc death,2020-07-18,34,point,,230.998051146269
2020-07-13,2 wk ahead inc death,2020-07-25,34,point,,235.78563855951
2020-07-13,3 wk ahead inc death,2020-08-01,34,point,,228.142730033912
2020-07-13,4 wk ahead inc death,2020-08-08,34,point,,229.055230476915
2020-07-13,1 wk ahead inc death,2020-07-18,36,quantile,0.01,48.2084957227849
2020-07-13,1 wk ahead inc death,2020-07-18,36,quantile,0.025,53.8599417308512
2020-07-13,1 wk ahead inc death,2020-07-18,36,quantile,0.05,62.1546546861793
2020-07-13,1 wk ahead inc death,2020-07-18,36,quantile,0.1,76.9010798437651
2020-07-13,1 wk ahead inc death,2020-07-18,36,quantile,0.15,87.3039791756773
2020-07-13,1 wk ahead inc death,2020-07-18,36,quantile,0.2,95.4951876458629
2020-07-13,1 wk ahead inc death,2020-07-18,36,quantile,0.25,102.15896057787
2020-07-13,1 wk ahead inc death,2020-07-18,36,quantile,0.3,109.787140898148
2020-07-13,1 wk ahead inc death,2020-07-18,36,quantile,0.35,128.016142640971
2020-07-13,1 wk ahead inc death,2020-07-18,36,quantile,0.4,140.207550920627
2020-07-13,1 wk ahead inc death,2020-07-18,36,quantile,0.45,149.511929220029
2020-07-13,1 wk ahead inc death,2020-07-18,36,quantile,0.5,155.715850031875
2020-07-13,1 wk ahead inc death,2020-07-18,36,quantile,0.55,163.70143542524
2020-07-13,1 wk ahead inc death,2020-07-18,36,quantile,0.6,172.285088173922
2020-07-13,1 wk ahead inc death,2020-07-18,36,quantile,0.65,186.100399151798
2020-07-13,1 wk ahead inc death,2020-07-18,36,quantile,0.7,205.469889742159
2020-07-13,1 wk ahead inc death,2020-07-18,36,quantile,0.75,217.845622148407
2020-07-13,1 wk ahead inc death,2020-07-18,36,quantile,0.8,248.077464963962
2020-07-13,1 wk ahead inc death,2020-07-18,36,quantile,0.85,277.842511962561
2020-07-13,1 wk ahead inc death,2020-07-18,36,quantile,0.9,353.084494214773
2020-07-13,1 wk ahead inc death,2020-07-18,36,quantile,0.95,553.353164689054
2020-07-13,1 wk ahead inc death,2020-07-18,36,quantile,0.975,690.077325216216
2020-07-13,1 wk ahead inc death,2020-07-18,36,quantile,0.99,779.540239046383
2020-07-13,2 wk ahead inc death,2020-07-25,36,quantile,0.01,34.7893821899817
2020-07-13,2 wk ahead inc death,2020-07-25,36,quantile,0.025,40.6696306006548
2020-07-13,2 wk ahead inc death,2020-07-25,36,quantile,0.05,47.0033501981111
2020-07-13,2 wk ahead inc death,2020-07-25,36,quantile,0.1,59.4075984139441
2020-07-13,2 wk ahead inc death,2020-07-25,36,quantile,0.15,67.6040383011676
2020-07-13,2 wk ahead inc death,2020-07-25,36,quantile,0.2,75.6929910832488
2020-07-13,2 wk ahead inc death,2020-07-25,36,quantile,0.25,82.8098468388659
2020-07-13,2 wk ahead inc death,2020-07-25,36,quantile,0.3,90.4689034000947
2020-07-13,2 wk ahead inc death,2020-07-25,36,quantile,0.35,97.5087711676981
2020-07-13,2 wk ahead inc death,2020-07-25,36,quantile,0.4,109.35010706613
2020-07-13,2 wk ahead inc death,2020-07-25,36,quantile,0.45,127.906460626343
2020-07-13,2 wk ahead inc death,2020-07-25,36,quantile,0.5,141.392714160235
2020-07-13,2 wk ahead inc death,2020-07-25,36,quantile,0.55,155.428256844689
2020-07-13,2 wk ahead inc death,2020-07-25,36,quantile,0.6,175.293239538684
2020-07-13,2 wk ahead inc death,2020-07-25,36,quantile,0.65,194.311163695786
2020-07-13,2 wk ahead inc death,2020-07-25,36,quantile,0.7,221.479600577731
2020-07-13,2 wk ahead inc death,2020-07-25,36,quantile,0.75,250.931080526371
2020-07-13,2 wk ahead inc death,2020-07-25,36,quantile,0.8,295.355248514842
2020-07-13,2 wk ahead inc death,2020-07-25,36,quantile,0.85,361.562831974434
2020-07-13,2 wk ahead inc death,2020-07-25,36,quantile,0.9,490.023709021179
2020-07-13,2 wk ahead inc death,2020-07-25,36,quantile,0.95,639.12497588551
2020-07-13,2 wk ahead inc death,2020-07-25,36,quantile,0.975,716.953548143291
2020-07-13,2 wk ahead inc death,2020-07-25,36,quantile,0.99,838.298394392975
2020-07-13,3 wk ahead inc death,2020-08-01,36,quantile,0.01,24.3840211663099
2020-07-13,3 wk ahead inc death,2020-08-01,36,quantile,0.025,29.6147488583271
2020-07-13,3 wk ahead inc death,2020-08-01,36,quantile,0.05,34.8664080158935
2020-07-13,3 wk ahead inc death,2020-08-01,36,quantile,0.1,44.1334079163109
2020-07-13,3 wk ahead inc death,2020-08-01,36,quantile,0.15,50.3145671001156
2020-07-13,3 wk ahead inc death,2020-08-01,36,quantile,0.2,57.1335943103497
2020-07-13,3 wk ahead inc death,2020-08-01,36,quantile,0.25,62.9409758242455
2020-07-13,3 wk ahead inc death,2020-08-01,36,quantile,0.3,70.3524927755722
2020-07-13,3 wk ahead inc death,2020-08-01,36,quantile,0.35,76.7375365039762
2020-07-13,3 wk ahead inc death,2020-08-01,36,quantile,0.4,83.6644994700517
2020-07-13,3 wk ahead inc death,2020-08-01,36,quantile,0.45,100.080177620802
2020-07-13,3 wk ahead inc death,2020-08-01,36,quantile,0.5,120.903844197603
2020-07-13,3 wk ahead inc death,2020-08-01,36,quantile,0.55,143.77690014911
2020-07-13,3 wk ahead inc death,2020-08-01,36,quantile,0.6,166.829537058304
2020-07-13,3 wk ahead inc death,2020-08-01,36,quantile,0.65,197.808025448249
2020-07-13,3 wk ahead inc death,2020-08-01,36,quantile,0.7,231.616933497753
2020-07-13,3 wk ahead inc death,2020-08-01,36,quantile,0.75,275.673613968648
2020-07-13,3 wk ahead inc death,2020-08-01,36,quantile,0.8,339.093272798379
2020-07-13,3 wk ahead inc death,2020-08-01,36,quantile,0.85,432.278405514455
2020-07-13,3 wk ahead inc death,2020-08-01,36,quantile,0.9,544.047975823591
2020-07-13,3 wk ahead inc death,2020-08-01,36,quantile,0.95,658.958744915131
2020-07-13,3 wk ahead inc death,2020-08-01,36,quantile,0.975,777.041581255246
2020-07-13,3 wk ahead inc death,2020-08-01,36,quantile,0.99,989.230602868361
2020-07-13,4 wk ahead inc death,2020-08-08,36,quantile,0.01,17.2250503969986
2020-07-13,4 wk ahead inc death,2020-08-08,36,quantile,0.025,21.2334502908687
2020-07-13,4 wk ahead inc death,2020-08-08,36,quantile,0.05,26.134878242429
2020-07-13,4 wk ahead inc death,2020-08-08,36,quantile,0.1,34.0747504326006
2020-07-13,4 wk ahead inc death,2020-08-08,36,quantile,0.15,39.213644697078
2020-07-13,4 wk ahead inc death,2020-08-08,36,quantile,0.2,44.5568732943362
2020-07-13,4 wk ahead inc death,2020-08-08,36,quantile,0.25,49.4999415957538
2020-07-13,4 wk ahead inc death,2020-08-08,36,quantile,0.3,55.2802489957259
2020-07-13,4 wk ahead inc death,2020-08-08,36,quantile,0.35,61.0939057981476
2020-07-13,4 wk ahead inc death,2020-08-08,36,quantile,0.4,67.9740925194396
2020-07-13,4 wk ahead inc death,2020-08-08,36,quantile,0.45,77.6082694869482
2020-07-13,4 wk ahead inc death,2020-08-08,36,quantile,0.5,107.074590226321
2020-07-13,4 wk ahead inc death,2020-08-08,36,quantile,0.55,134.910453581988
2020-07-13,4 wk ahead inc death,2020-08-08,36,quantile,0.6,165.463493165446
2020-07-13,4 wk ahead inc death,2020-08-08,36,quantile,0.65,202.229114545669
2020-07-13,4 wk ahead inc death,2020-08-08,36,quantile,0.7,246.602695660427
2020-07-13,4 wk ahead inc death,2020-08-08,36,quantile,0.75,302.86459950068
2020-07-13,4 wk ahead inc death,2020-08-08,36,quantile,0.8,380.682141840359
2020-07-13,4 wk ahead inc death,2020-08-08,36,quantile,0.85,476.824310146202
2020-07-13,4 wk ahead inc death,2020-08-08,36,quantile,0.9,578.263725175878
2020-07-13,4 wk ahead inc death,2020-08-08,36,quantile,0.95,707.558620254456
2020-07-13,4 wk ahead inc death,2020-08-08,36,quantile,0.975,867.399701886551
2020-07-13,4 wk ahead inc death,2020-08-08,36,quantile,0.99,1100.40004899588
2020-07-13,1 wk ahead inc death,2020-07-18,36,point,,158.53829513022
2020-07-13,2 wk ahead inc death,2020-07-25,36,point,,144.951908528698
2020-07-13,3 wk ahead inc death,2020-08-01,36,point,,124.413771784434
2020-07-13,4 wk ahead inc death,2020-08-08,36,point,,110.667066838118
2020-07-13,1 wk ahead inc death,2020-07-18,39,quantile,0.01,56.2460502463984
2020-07-13,1 wk ahead inc death,2020-07-18,39,quantile,0.025,68.4175083666673
2020-07-13,1 wk ahead inc death,2020-07-18,39,quantile,0.05,77.5268813748247
2020-07-13,1 wk ahead inc death,2020-07-18,39,quantile,0.1,88.5030662927572
2020-07-13,1 wk ahead inc death,2020-07-18,39,quantile,0.15,95.1886144744125
2020-07-13,1 wk ahead inc death,2020-07-18,39,quantile,0.2,102.054187936095
2020-07-13,1 wk ahead inc death,2020-07-18,39,quantile,0.25,107.787957273453
2020-07-13,1 wk ahead inc death,2020-07-18,39,quantile,0.3,113.388808323963
2020-07-13,1 wk ahead inc death,2020-07-18,39,quantile,0.35,118.753130388966
2020-07-13,1 wk ahead inc death,2020-07-18,39,quantile,0.4,126.277717324348
2020-07-13,1 wk ahead inc death,2020-07-18,39,quantile,0.45,130.831584030361
2020-07-13,1 wk ahead inc death,2020-07-18,39,quantile,0.5,135.309796260411
2020-07-13,1 wk ahead inc death,2020-07-18,39,quantile,0.55,141.058304942657
2020-07-13,1 wk ahead inc death,2020-07-18,39,quantile,0.6,146.12132034759
2020-07-13,1 wk ahead inc death,2020-07-18,39,quantile,0.65,153.988183171231
2020-07-13,1 wk ahead inc death,2020-07-18,39,quantile,0.7,160.150716478938
2020-07-13,1 wk ahead inc death,2020-07-18,39,quantile,0.75,167.058289922922
2020-07-13,1 wk ahead inc death,2020-07-18,39,quantile,0.8,175.205251372294
2020-07-13,1 wk ahead inc death,2020-07-18,39,quantile,0.85,186.724172773807
2020-07-13,1 wk ahead inc death,2020-07-18,39,quantile,0.9,199.437623717306
2020-07-13,1 wk ahead inc death,2020-07-18,39,quantile,0.95,218.041524424357
2020-07-13,1 wk ahead inc death,2020-07-18,39,quantile,0.975,234.272095314379
2020-07-13,1 wk ahead inc death,2020-07-18,39,quantile,0.99,258.787904897774
2020-07-13,2 wk ahead inc death,2020-07-25,39,quantile,0.01,46.0129738770652
2020-07-13,2 wk ahead inc death,2020-07-25,39,quantile,0.025,53.6819717091364
2020-07-13,2 wk ahead inc death,2020-07-25,39,quantile,0.05,65.6134774665199
2020-07-13,2 wk ahead inc death,2020-07-25,39,quantile,0.1,80.0354957981605
2020-07-13,2 wk ahead inc death,2020-07-25,39,quantile,0.15,91.1365449681436
2020-07-13,2 wk ahead inc death,2020-07-25,39,quantile,0.2,99.8266771411424
2020-07-13,2 wk ahead inc death,2020-07-25,39,quantile,0.25,108.550959689706
2020-07-13,2 wk ahead inc death,2020-07-25,39,quantile,0.3,117.05783304851
2020-07-13,2 wk ahead inc death,2020-07-25,39,quantile,0.35,124.439877507179
2020-07-13,2 wk ahead inc death,2020-07-25,39,quantile,0.4,132.235470714972
2020-07-13,2 wk ahead inc death,2020-07-25,39,quantile,0.45,139.267818715724
2020-07-13,2 wk ahead inc death,2020-07-25,39,quantile,0.5,146.871228138842
2020-07-13,2 wk ahead inc death,2020-07-25,39,quantile,0.55,155.823435592106
2020-07-13,2 wk ahead inc death,2020-07-25,39,quantile,0.6,165.184941592988
2020-07-13,2 wk ahead inc death,2020-07-25,39,quantile,0.65,174.711046798321
2020-07-13,2 wk ahead inc death,2020-07-25,39,quantile,0.7,183.999191866725
2020-07-13,2 wk ahead inc death,2020-07-25,39,quantile,0.75,195.920768617628
2020-07-13,2 wk ahead inc death,2020-07-25,39,quantile,0.8,208.92229295685
2020-07-13,2 wk ahead inc death,2020-07-25,39,quantile,0.85,226.126088118747
2020-07-13,2 wk ahead inc death,2020-07-25,39,quantile,0.9,247.758831570549
2020-07-13,2 wk ahead inc death,2020-07-25,39,quantile,0.95,280.346333953849
2020-07-13,2 wk ahead inc death,2020-07-25,39,quantile,0.975,309.014876708289
2020-07-13,2 wk ahead inc death,2020-07-25,39,quantile,0.99,339.208328525092
2020-07-13,3 wk ahead inc death,2020-08-01,39,quantile,0.01,37.2394311212793
2020-07-13,3 wk ahead inc death,2020-08-01,39,quantile,0.025,45.4275552451218
2020-07-13,3 wk ahead inc death,2020-08-01,39,quantile,0.05,56.0987925928444
2020-07-13,3 wk ahead inc death,2020-08-01,39,quantile,0.1,71.511789979378
2020-07-13,3 wk ahead inc death,2020-08-01,39,quantile,0.15,83.0100196863172
2020-07-13,3 wk ahead inc death,2020-08-01,39,quantile,0.2,93.5938315853944
2020-07-13,3 wk ahead inc death,2020-08-01,39,quantile,0.25,104.869292189209
2020-07-13,3 wk ahead inc death,2020-08-01,39,quantile,0.3,114.87026624422
2020-07-13,3 wk ahead inc death,2020-08-01,39,quantile,0.35,123.248174440603
2020-07-13,3 wk ahead inc death,2020-08-01,39,quantile,0.4,132.303398268332
2020-07-13,3 wk ahead inc death,2020-08-01,39,quantile,0.45,141.434027198495
2020-07-13,3 wk ahead inc death,2020-08-01,39,quantile,0.5,152.927688148574
2020-07-13,3 wk ahead inc death,2020-08-01,39,quantile,0.55,166.26974072995
2020-07-13,3 wk ahead inc death,2020-08-01,39,quantile,0.6,178.148987842915
2020-07-13,3 wk ahead inc death,2020-08-01,39,quantile,0.65,190.473210445587
2020-07-13,3 wk ahead inc death,2020-08-01,39,quantile,0.7,204.197051215128
2020-07-13,3 wk ahead inc death,2020-08-01,39,quantile,0.75,220.090114468062
2020-07-13,3 wk ahead inc death,2020-08-01,39,quantile,0.8,239.259966144047
2020-07-13,3 wk ahead inc death,2020-08-01,39,quantile,0.85,266.651958712702
2020-07-13,3 wk ahead inc death,2020-08-01,39,quantile,0.9,297.252213710557
2020-07-13,3 wk ahead inc death,2020-08-01,39,quantile,0.95,347.739061764354
2020-07-13,3 wk ahead inc death,2020-08-01,39,quantile,0.975,389.553007377851
2020-07-13,3 wk ahead inc death,2020-08-01,39,quantile,0.99,442.831011573208
2020-07-13,4 wk ahead inc death,2020-08-08,39,quantile,0.01,31.9708080217453
2020-07-13,4 wk ahead inc death,2020-08-08,39,quantile,0.025,38.7333425712083
2020-07-13,4 wk ahead inc death,2020-08-08,39,quantile,0.05,49.2342550065298
2020-07-13,4 wk ahead inc death,2020-08-08,39,quantile,0.1,62.1338534237882
2020-07-13,4 wk ahead inc death,2020-08-08,39,quantile,0.15,74.6610641428452
2020-07-13,4 wk ahead inc death,2020-08-08,39,quantile,0.2,85.5186548414824
2020-07-13,4 wk ahead inc death,2020-08-08,39,quantile,0.25,101.136043887865
2020-07-13,4 wk ahead inc death,2020-08-08,39,quantile,0.3,111.404368421712
2020-07-13,4 wk ahead inc death,2020-08-08,39,quantile,0.35,122.408640836509
2020-07-13,4 wk ahead inc death,2020-08-08,39,quantile,0.4,133.652247213586
2020-07-13,4 wk ahead inc death,2020-08-08,39,quantile,0.45,143.891013996073
2020-07-13,4 wk ahead inc death,2020-08-08,39,quantile,0.5,161.69668014065
2020-07-13,4 wk ahead inc death,2020-08-08,39,quantile,0.55,177.015201154676
2020-07-13,4 wk ahead inc death,2020-08-08,39,quantile,0.6,190.99177041306
2020-07-13,4 wk ahead inc death,2020-08-08,39,quantile,0.65,206.695596108121
2020-07-13,4 wk ahead inc death,2020-08-08,39,quantile,0.7,225.932604718555
2020-07-13,4 wk ahead inc death,2020-08-08,39,quantile,0.75,252.224556826163
2020-07-13,4 wk ahead inc death,2020-08-08,39,quantile,0.8,285.075697749039
2020-07-13,4 wk ahead inc death,2020-08-08,39,quantile,0.85,321.509425985398
2020-07-13,4 wk ahead inc death,2020-08-08,39,quantile,0.9,368.181269557823
2020-07-13,4 wk ahead inc death,2020-08-08,39,quantile,0.95,438.986013913073
2020-07-13,4 wk ahead inc death,2020-08-08,39,quantile,0.975,509.965294496387
2020-07-13,4 wk ahead inc death,2020-08-08,39,quantile,0.99,615.396786783977
2020-07-13,1 wk ahead inc death,2020-07-18,39,point,,136.703058383597
2020-07-13,2 wk ahead inc death,2020-07-25,39,point,,149.577160845527
2020-07-13,3 wk ahead inc death,2020-08-01,39,point,,156.261041925856
2020-07-13,4 wk ahead inc death,2020-08-08,39,point,,164.798391574597
2020-07-13,1 wk ahead inc death,2020-07-18,42,quantile,0.01,43.964440876657
2020-07-13,1 wk ahead inc death,2020-07-18,42,quantile,0.025,52.2733672398854
2020-07-13,1 wk ahead inc death,2020-07-18,42,quantile,0.05,61.5271531838786
2020-07-13,1 wk ahead inc death,2020-07-18,42,quantile,0.1,73.6079737357713
2020-07-13,1 wk ahead inc death,2020-07-18,42,quantile,0.15,82.3241577380807
2020-07-13,1 wk ahead inc death,2020-07-18,42,quantile,0.2,92.8357526349504
2020-07-13,1 wk ahead inc death,2020-07-18,42,quantile,0.25,104.428538712577
2020-07-13,1 wk ahead inc death,2020-07-18,42,quantile,0.3,111.77034583417
2020-07-13,1 wk ahead inc death,2020-07-18,42,quantile,0.35,119.77325404832
2020-07-13,1 wk ahead inc death,2020-07-18,42,quantile,0.4,126.096519055716
2020-07-13,1 wk ahead inc death,2020-07-18,42,quantile,0.45,134.201770421575
2020-07-13,1 wk ahead inc death,2020-07-18,42,quantile,0.5,139.137630138153
2020-07-13,1 wk ahead inc death,2020-07-18,42,quantile,0.55,144.678167549483
2020-07-13,1 wk ahead inc death,2020-07-18,42,quantile,0.6,152.66005810404
2020-07-13,1 wk ahead inc death,2020-07-18,42,quantile,0.65,159.684063157193
2020-07-13,1 wk ahead inc death,2020-07-18,42,quantile,0.7,169.304524158168
2020-07-13,1 wk ahead inc death,2020-07-18,42,quantile,0.75,178.089116627174
2020-07-13,1 wk ahead inc death,2020-07-18,42,quantile,0.8,191.6494020166
2020-07-13,1 wk ahead inc death,2020-07-18,42,quantile,0.85,209.621037700836
2020-07-13,1 wk ahead inc death,2020-07-18,42,quantile,0.9,226.504866736949
2020-07-13,1 wk ahead inc death,2020-07-18,42,quantile,0.95,251.096448605223
2020-07-13,1 wk ahead inc death,2020-07-18,42,quantile,0.975,276.805166027562
2020-07-13,1 wk ahead inc death,2020-07-18,42,quantile,0.99,309.672922024666
2020-07-13,2 wk ahead inc death,2020-07-25,42,quantile,0.01,38.5812141960084
2020-07-13,2 wk ahead inc death,2020-07-25,42,quantile,0.025,46.8901369060354
2020-07-13,2 wk ahead inc death,2020-07-25,42,quantile,0.05,54.8676348303777
2020-07-13,2 wk ahead inc death,2020-07-25,42,quantile,0.1,68.3611677946203
2020-07-13,2 wk ahead inc death,2020-07-25,42,quantile,0.15,78.5365471342945
2020-07-13,2 wk ahead inc death,2020-07-25,42,quantile,0.2,86.59486102348
2020-07-13,2 wk ahead inc death,2020-07-25,42,quantile,0.25,95.4663883028878
2020-07-13,2 wk ahead inc death,2020-07-25,42,quantile,0.3,107.874743812685
2020-07-13,2 wk ahead inc death,2020-07-25,42,quantile,0.35,118.856165287836
2020-07-13,2 wk ahead inc death,2020-07-25,42,quantile,0.4,128.986286149082
2020-07-13,2 wk ahead inc death,2020-07-25,42,quantile,0.45,137.529848207457
2020-07-13,2 wk ahead inc death,2020-07-25,42,quantile,0.5,146.749627353145
2020-07-13,2 wk ahead inc death,2020-07-25,42,quantile,0.55,156.726897498843
2020-07-13,2 wk ahead inc death,2020-07-25,42,quantile,0.6,167.388755494048
2020-07-13,2 wk ahead inc death,2020-07-25,42,quantile,0.65,179.777943975544
2020-07-13,2 wk ahead inc death,2020-07-25,42,quantile,0.7,191.85108585127
2020-07-13,2 wk ahead inc death,2020-07-25,42,quantile,0.75,206.511287380154
2020-07-13,2 wk ahead inc death,2020-07-25,42,quantile,0.8,221.934039025816
2020-07-13,2 wk ahead inc death,2020-07-25,42,quantile,0.85,240.318964113515
2020-07-13,2 wk ahead inc death,2020-07-25,42,quantile,0.9,267.710171604761
2020-07-13,2 wk ahead inc death,2020-07-25,42,quantile,0.95,314.558493769395
2020-07-13,2 wk ahead inc death,2020-07-25,42,quantile,0.975,353.789557395632
2020-07-13,2 wk ahead inc death,2020-07-25,42,quantile,0.99,400.88880313759
2020-07-13,3 wk ahead inc death,2020-08-01,42,quantile,0.01,29.6695214871817
2020-07-13,3 wk ahead inc death,2020-08-01,42,quantile,0.025,39.0762229478881
2020-07-13,3 wk ahead inc death,2020-08-01,42,quantile,0.05,47.5906764145058
2020-07-13,3 wk ahead inc death,2020-08-01,42,quantile,0.1,60.4741801193557
2020-07-13,3 wk ahead inc death,2020-08-01,42,quantile,0.15,69.5276557183314
2020-07-13,3 wk ahead inc death,2020-08-01,42,quantile,0.2,77.66361960285
2020-07-13,3 wk ahead inc death,2020-08-01,42,quantile,0.25,88.791679002656
2020-07-13,3 wk ahead inc death,2020-08-01,42,quantile,0.3,99.5847290131824
2020-07-13,3 wk ahead inc death,2020-08-01,42,quantile,0.35,111.653852484146
2020-07-13,3 wk ahead inc death,2020-08-01,42,quantile,0.4,122.902235891371
2020-07-13,3 wk ahead inc death,2020-08-01,42,quantile,0.45,134.112661761998
2020-07-13,3 wk ahead inc death,2020-08-01,42,quantile,0.5,146.008231507192
2020-07-13,3 wk ahead inc death,2020-08-01,42,quantile,0.55,159.833656257717
2020-07-13,3 wk ahead inc death,2020-08-01,42,quantile,0.6,174.646031984281
2020-07-13,3 wk ahead inc death,2020-08-01,42,quantile,0.65,188.556978003515
2020-07-13,3 wk ahead inc death,2020-08-01,42,quantile,0.7,203.248725095789
2020-07-13,3 wk ahead inc death,2020-08-01,42,quantile,0.75,219.84701025303
2020-07-13,3 wk ahead inc death,2020-08-01,42,quantile,0.8,239.538621086594
2020-07-13,3 wk ahead inc death,2020-08-01,42,quantile,0.85,263.75576471613
2020-07-13,3 wk ahead inc death,2020-08-01,42,quantile,0.9,303.374568079603
2020-07-13,3 wk ahead inc death,2020-08-01,42,quantile,0.95,362.248816698539
2020-07-13,3 wk ahead inc death,2020-08-01,42,quantile,0.975,413.616468190302
2020-07-13,3 wk ahead inc death,2020-08-01,42,quantile,0.99,499.524481235852
2020-07-13,4 wk ahead inc death,2020-08-08,42,quantile,0.01,24.511423674586
2020-07-13,4 wk ahead inc death,2020-08-08,42,quantile,0.025,33.0448509590203
2020-07-13,4 wk ahead inc death,2020-08-08,42,quantile,0.05,40.6315939125937
2020-07-13,4 wk ahead inc death,2020-08-08,42,quantile,0.1,53.1021711996515
2020-07-13,4 wk ahead inc death,2020-08-08,42,quantile,0.15,61.9143410947472
2020-07-13,4 wk ahead inc death,2020-08-08,42,quantile,0.2,71.0979043498439
2020-07-13,4 wk ahead inc death,2020-08-08,42,quantile,0.25,83.3011127478691
2020-07-13,4 wk ahead inc death,2020-08-08,42,quantile,0.3,92.706582021508
2020-07-13,4 wk ahead inc death,2020-08-08,42,quantile,0.35,105.998774814368
2020-07-13,4 wk ahead inc death,2020-08-08,42,quantile,0.4,119.230442519413
2020-07-13,4 wk ahead inc death,2020-08-08,42,quantile,0.45,132.962299452691
2020-07-13,4 wk ahead inc death,2020-08-08,42,quantile,0.5,146.624424266808
2020-07-13,4 wk ahead inc death,2020-08-08,42,quantile,0.55,165.618341332765
2020-07-13,4 wk ahead inc death,2020-08-08,42,quantile,0.6,182.410512475753
2020-07-13,4 wk ahead inc death,2020-08-08,42,quantile,0.65,199.087741969049
2020-07-13,4 wk ahead inc death,2020-08-08,42,quantile,0.7,217.831204922247
2020-07-13,4 wk ahead inc death,2020-08-08,42,quantile,0.75,238.858374863561
2020-07-13,4 wk ahead inc death,2020-08-08,42,quantile,0.8,262.027751193202
2020-07-13,4 wk ahead inc death,2020-08-08,42,quantile,0.85,295.080656973526
2020-07-13,4 wk ahead inc death,2020-08-08,42,quantile,0.9,353.880309267017
2020-07-13,4 wk ahead inc death,2020-08-08,42,quantile,0.95,433.286557047227
2020-07-13,4 wk ahead inc death,2020-08-08,42,quantile,0.975,515.425712075548
2020-07-13,4 wk ahead inc death,2020-08-08,42,quantile,0.99,643.170232058064
2020-07-13,1 wk ahead inc death,2020-07-18,42,point,,140.38698262498
2020-07-13,2 wk ahead inc death,2020-07-25,42,point,,148.925138241001
2020-07-13,3 wk ahead inc death,2020-08-01,42,point,,150.028562861356
2020-07-13,4 wk ahead inc death,2020-08-08,42,point,,152.413410883967
2020-07-13,1 wk ahead inc death,2020-07-18,48,quantile,0.01,328.766878025568
2020-07-13,1 wk ahead inc death,2020-07-18,48,quantile,0.025,364.824108471304
2020-07-13,1 wk ahead inc death,2020-07-18,48,quantile,0.05,394.636879368894
2020-07-13,1 wk ahead inc death,2020-07-18,48,quantile,0.1,428.663264813742
2020-07-13,1 wk ahead inc death,2020-07-18,48,quantile,0.15,451.477841292571
2020-07-13,1 wk ahead inc death,2020-07-18,48,quantile,0.2,471.194856464098
2020-07-13,1 wk ahead inc death,2020-07-18,48,quantile,0.25,487.451306552716
2020-07-13,1 wk ahead inc death,2020-07-18,48,quantile,0.3,504.080067281415
2020-07-13,1 wk ahead inc death,2020-07-18,48,quantile,0.35,518.79303533252
2020-07-13,1 wk ahead inc death,2020-07-18,48,quantile,0.4,533.141249015128
2020-07-13,1 wk ahead inc death,2020-07-18,48,quantile,0.45,546.022426007942
2020-07-13,1 wk ahead inc death,2020-07-18,48,quantile,0.5,560.485386004086
2020-07-13,1 wk ahead inc death,2020-07-18,48,quantile,0.55,573.926835252472
2020-07-13,1 wk ahead inc death,2020-07-18,48,quantile,0.6,587.757429320932
2020-07-13,1 wk ahead inc death,2020-07-18,48,quantile,0.65,603.136095209162
2020-07-13,1 wk ahead inc death,2020-07-18,48,quantile,0.7,620.383998317073
2020-07-13,1 wk ahead inc death,2020-07-18,48,quantile,0.75,639.620581877705
2020-07-13,1 wk ahead inc death,2020-07-18,48,quantile,0.8,659.844939776212
2020-07-13,1 wk ahead inc death,2020-07-18,48,quantile,0.85,684.644581241069
2020-07-13,1 wk ahead inc death,2020-07-18,48,quantile,0.9,716.708578156988
2020-07-13,1 wk ahead inc death,2020-07-18,48,quantile,0.95,762.100200395251
2020-07-13,1 wk ahead inc death,2020-07-18,48,quantile,0.975,807.83845488995
2020-07-13,1 wk ahead inc death,2020-07-18,48,quantile,0.99,872.941798285608
2020-07-13,2 wk ahead inc death,2020-07-25,48,quantile,0.01,354.89724452062
2020-07-13,2 wk ahead inc death,2020-07-25,48,quantile,0.025,399.841405921478
2020-07-13,2 wk ahead inc death,2020-07-25,48,quantile,0.05,448.065962485165
2020-07-13,2 wk ahead inc death,2020-07-25,48,quantile,0.1,500.61859064375
2020-07-13,2 wk ahead inc death,2020-07-25,48,quantile,0.15,538.810290277701
2020-07-13,2 wk ahead inc death,2020-07-25,48,quantile,0.2,569.014739597656
2020-07-13,2 wk ahead inc death,2020-07-25,48,quantile,0.25,595.658590459198
2020-07-13,2 wk ahead inc death,2020-07-25,48,quantile,0.3,622.257380057547
2020-07-13,2 wk ahead inc death,2020-07-25,48,quantile,0.35,647.316144752273
2020-07-13,2 wk ahead inc death,2020-07-25,48,quantile,0.4,670.909090841064
2020-07-13,2 wk ahead inc death,2020-07-25,48,quantile,0.45,695.13266521819
2020-07-13,2 wk ahead inc death,2020-07-25,48,quantile,0.5,718.979921131768
2020-07-13,2 wk ahead inc death,2020-07-25,48,quantile,0.55,744.97148422581
2020-07-13,2 wk ahead inc death,2020-07-25,48,quantile,0.6,772.821191055873
2020-07-13,2 wk ahead inc death,2020-07-25,48,quantile,0.65,803.870144421332
2020-07-13,2 wk ahead inc death,2020-07-25,48,quantile,0.7,836.099324137668
2020-07-13,2 wk ahead inc death,2020-07-25,48,quantile,0.75,874.082059898732
2020-07-13,2 wk ahead inc death,2020-07-25,48,quantile,0.8,912.99060967945
2020-07-13,2 wk ahead inc death,2020-07-25,48,quantile,0.85,958.829445337094
2020-07-13,2 wk ahead inc death,2020-07-25,48,quantile,0.9,1029.0796938846
2020-07-13,2 wk ahead inc death,2020-07-25,48,quantile,0.95,1147.38503287022
2020-07-13,2 wk ahead inc death,2020-07-25,48,quantile,0.975,1262.43587193878
2020-07-13,2 wk ahead inc death,2020-07-25,48,quantile,0.99,1463.21460227303
2020-07-13,3 wk ahead inc death,2020-08-01,48,quantile,0.01,345.337018627817
2020-07-13,3 wk ahead inc death,2020-08-01,48,quantile,0.025,408.315212963321
2020-07-13,3 wk ahead inc death,2020-08-01,48,quantile,0.05,471.354744489047
2020-07-13,3 wk ahead inc death,2020-08-01,48,quantile,0.1,539.331256003302
2020-07-13,3 wk ahead inc death,2020-08-01,48,quantile,0.15,584.575191003434
2020-07-13,3 wk ahead inc death,2020-08-01,48,quantile,0.2,629.565688087037
2020-07-13,3 wk ahead inc death,2020-08-01,48,quantile,0.25,670.593662493586
2020-07-13,3 wk ahead inc death,2020-08-01,48,quantile,0.3,706.859615656682
2020-07-13,3 wk ahead inc death,2020-08-01,48,quantile,0.35,738.609698708555
2020-07-13,3 wk ahead inc death,2020-08-01,48,quantile,0.4,775.821786794894
2020-07-13,3 wk ahead inc death,2020-08-01,48,quantile,0.45,810.617053729251
2020-07-13,3 wk ahead inc death,2020-08-01,48,quantile,0.5,850.087341875792
2020-07-13,3 wk ahead inc death,2020-08-01,48,quantile,0.55,889.202493737623
2020-07-13,3 wk ahead inc death,2020-08-01,48,quantile,0.6,936.155825109636
2020-07-13,3 wk ahead inc death,2020-08-01,48,quantile,0.65,988.978324316865
2020-07-13,3 wk ahead inc death,2020-08-01,48,quantile,0.7,1049.37012770423
2020-07-13,3 wk ahead inc death,2020-08-01,48,quantile,0.75,1123.90951407068
2020-07-13,3 wk ahead inc death,2020-08-01,48,quantile,0.8,1200.91644646233
2020-07-13,3 wk ahead inc death,2020-08-01,48,quantile,0.85,1303.01381447756
2020-07-13,3 wk ahead inc death,2020-08-01,48,quantile,0.9,1453.55442386528
2020-07-13,3 wk ahead inc death,2020-08-01,48,quantile,0.95,1713.47749522684
2020-07-13,3 wk ahead inc death,2020-08-01,48,quantile,0.975,2020.60831978773
2020-07-13,3 wk ahead inc death,2020-08-01,48,quantile,0.99,2313.03771982444
2020-07-13,4 wk ahead inc death,2020-08-08,48,quantile,0.01,330.478093677596
2020-07-13,4 wk ahead inc death,2020-08-08,48,quantile,0.025,412.459927946738
2020-07-13,4 wk ahead inc death,2020-08-08,48,quantile,0.05,489.145187012325
2020-07-13,4 wk ahead inc death,2020-08-08,48,quantile,0.1,584.390954625913
2020-07-13,4 wk ahead inc death,2020-08-08,48,quantile,0.15,646.166840974076
2020-07-13,4 wk ahead inc death,2020-08-08,48,quantile,0.2,702.053320959158
2020-07-13,4 wk ahead inc death,2020-08-08,48,quantile,0.25,752.743011769128
2020-07-13,4 wk ahead inc death,2020-08-08,48,quantile,0.3,802.34362158771
2020-07-13,4 wk ahead inc death,2020-08-08,48,quantile,0.35,852.683158837002
2020-07-13,4 wk ahead inc death,2020-08-08,48,quantile,0.4,902.484324659936
2020-07-13,4 wk ahead inc death,2020-08-08,48,quantile,0.45,952.401380390072
2020-07-13,4 wk ahead inc death,2020-08-08,48,quantile,0.5,1005.94661919504
2020-07-13,4 wk ahead inc death,2020-08-08,48,quantile,0.55,1064.31430524721
2020-07-13,4 wk ahead inc death,2020-08-08,48,quantile,0.6,1142.59792346287
2020-07-13,4 wk ahead inc death,2020-08-08,48,quantile,0.65,1233.03906866532
2020-07-13,4 wk ahead inc death,2020-08-08,48,quantile,0.7,1331.97608846697
2020-07-13,4 wk ahead inc death,2020-08-08,48,quantile,0.75,1451.90176696589
2020-07-13,4 wk ahead inc death,2020-08-08,48,quantile,0.8,1609.35503548897
2020-07-13,4 wk ahead inc death,2020-08-08,48,quantile,0.85,1798.21262019523
2020-07-13,4 wk ahead inc death,2020-08-08,48,quantile,0.9,2086.59191459281
2020-07-13,4 wk ahead inc death,2020-08-08,48,quantile,0.95,2646.33700986053
2020-07-13,4 wk ahead inc death,2020-08-08,48,quantile,0.975,3227.41174595523
2020-07-13,4 wk ahead inc death,2020-08-08,48,quantile,0.99,4146.65671427427
2020-07-13,1 wk ahead inc death,2020-07-18,48,point,,560.17257301895
2020-07-13,2 wk ahead inc death,2020-07-25,48,point,,717.772194885105
2020-07-13,3 wk ahead inc death,2020-08-01,48,point,,848.81743486029
2020-07-13,4 wk ahead inc death,2020-08-08,48,point,,1005.6659188866
2020-07-13,1 wk ahead inc death,2020-07-18,US,quantile,0.01,2988.45869734594
2020-07-13,1 wk ahead inc death,2020-07-18,US,quantile,0.025,3178.27445497388
2020-07-13,1 wk ahead inc death,2020-07-18,US,quantile,0.05,3671.3922297019
2020-07-13,1 wk ahead inc death,2020-07-18,US,quantile,0.1,3913.81621701277
2020-07-13,1 wk ahead inc death,2020-07-18,US,quantile,0.15,4108.88907438143
2020-07-13,1 wk ahead inc death,2020-07-18,US,quantile,0.2,4238.0622716409
2020-07-13,1 wk ahead inc death,2020-07-18,US,quantile,0.25,4360.70298062209
2020-07-13,1 wk ahead inc death,2020-07-18,US,quantile,0.3,4512.68027496204
2020-07-13,1 wk ahead inc death,2020-07-18,US,quantile,0.35,4620.93285461455
2020-07-13,1 wk ahead inc death,2020-07-18,US,quantile,0.4,4765.50586799783
2020-07-13,1 wk ahead inc death,2020-07-18,US,quantile,0.45,4875.06789617745
2020-07-13,1 wk ahead inc death,2020-07-18,US,quantile,0.5,4951.02026775191
2020-07-13,1 wk ahead inc death,2020-07-18,US,quantile,0.55,5039.55899920097
2020-07-13,1 wk ahead inc death,2020-07-18,US,quantile,0.6,5150.45161701984
2020-07-13,1 wk ahead inc death,2020-07-18,US,quantile,0.65,5297.35234657559
2020-07-13,1 wk ahead inc death,2020-07-18,US,quantile,0.7,5414.44046248382
2020-07-13,1 wk ahead inc death,2020-07-18,US,quantile,0.75,5570.22126985682
2020-07-13,1 wk ahead inc death,2020-07-18,US,quantile,0.8,5711.88815070445
2020-07-13,1 wk ahead inc death,2020-07-18,US,quantile,0.85,5861.25620183604
2020-07-13,1 wk ahead inc death,2020-07-18,US,quantile,0.9,6095.16482338836
2020-07-13,1 wk ahead inc death,2020-07-18,US,quantile,0.95,6412.79628862255
2020-07-13,1 wk ahead inc death,2020-07-18,US,quantile,0.975,7041.26584144089
2020-07-13,1 wk ahead inc death,2020-07-18,US,quantile,0.99,7322.36381731699
2020-07-13,2 wk ahead inc death,2020-07-25,US,quantile,0.01,3089.57534003706
2020-07-13,2 wk ahead inc death,2020-07-25,US,quantile,0.025,3325.83116990547
2020-07-13,2 wk ahead inc death,2020-07-25,US,quantile,0.05,3603.4268023972
2020-07-13,2 wk ahead inc death,2020-07-25,US,quantile,0.1,4046.43083252602
2020-07-13,2 wk ahead inc death,2020-07-25,US,quantile,0.15,4358.13755967961
2020-07-13,2 wk ahead inc death,2020-07-25,US,quantile,0.2,4593.39916659864
2020-07-13,2 wk ahead inc death,2020-07-25,US,quantile,0.25,4805.56462953553
2020-07-13,2 wk ahead inc death,2020-07-25,US,quantile,0.3,4975.10835668293
2020-07-13,2 wk ahead inc death,2020-07-25,US,quantile,0.35,5165.39763593106
2020-07-13,2 wk ahead inc death,2020-07-25,US,quantile,0.4,5327.3807394482
2020-07-13,2 wk ahead inc death,2020-07-25,US,quantile,0.45,5496.92215998997
2020-07-13,2 wk ahead inc death,2020-07-25,US,quantile,0.5,5656.30612930339
2020-07-13,2 wk ahead inc death,2020-07-25,US,quantile,0.55,5823.20003924623
2020-07-13,2 wk ahead inc death,2020-07-25,US,quantile,0.6,6014.23206017933
2020-07-13,2 wk ahead inc death,2020-07-25,US,quantile,0.65,6200.06697322788
2020-07-13,2 wk ahead inc death,2020-07-25,US,quantile,0.7,6406.19569427627
2020-07-13,2 wk ahead inc death,2020-07-25,US,quantile,0.75,6617.96429842073
2020-07-13,2 wk ahead inc death,2020-07-25,US,quantile,0.8,6868.93882096421
2020-07-13,2 wk ahead inc death,2020-07-25,US,quantile,0.85,7169.54789638774
2020-07-13,2 wk ahead inc death,2020-07-25,US,quantile,0.9,7599.12182271275
2020-07-13,2 wk ahead inc death,2020-07-25,US,quantile,0.95,8298.94688986147
2020-07-13,2 wk ahead inc death,2020-07-25,US,quantile,0.975,8843.69843786085
2020-07-13,2 wk ahead inc death,2020-07-25,US,quantile,0.99,9618.61139932313
2020-07-13,3 wk ahead inc death,2020-08-01,US,quantile,0.01,3062.2617464805
2020-07-13,3 wk ahead inc death,2020-08-01,US,quantile,0.025,3336.13823145098
2020-07-13,3 wk ahead inc death,2020-08-01,US,quantile,0.05,3622.64050106651
2020-07-13,3 wk ahead inc death,2020-08-01,US,quantile,0.1,4055.13464655378
2020-07-13,3 wk ahead inc death,2020-08-01,US,quantile,0.15,4415.98955907508
2020-07-13,3 wk ahead inc death,2020-08-01,US,quantile,0.2,4714.15194417159
2020-07-13,3 wk ahead inc death,2020-08-01,US,quantile,0.25,4975.71029090771
2020-07-13,3 wk ahead inc death,2020-08-01,US,quantile,0.3,5236.61193493738
2020-07-13,3 wk ahead inc death,2020-08-01,US,quantile,0.35,5473.84863146947
2020-07-13,3 wk ahead inc death,2020-08-01,US,quantile,0.4,5679.76022570667
2020-07-13,3 wk ahead inc death,2020-08-01,US,quantile,0.45,5906.29711925062
2020-07-13,3 wk ahead inc death,2020-08-01,US,quantile,0.5,6155.18968620646
2020-07-13,3 wk ahead inc death,2020-08-01,US,quantile,0.55,6388.17999694327
2020-07-13,3 wk ahead inc death,2020-08-01,US,quantile,0.6,6640.9125675341
2020-07-13,3 wk ahead inc death,2020-08-01,US,quantile,0.65,6924.7645729652
2020-07-13,3 wk ahead inc death,2020-08-01,US,quantile,0.7,7211.36874129843
2020-07-13,3 wk ahead inc death,2020-08-01,US,quantile,0.75,7565.06539778321
2020-07-13,3 wk ahead inc death,2020-08-01,US,quantile,0.8,7979.4852284715
2020-07-13,3 wk ahead inc death,2020-08-01,US,quantile,0.85,8444.95079542457
2020-07-13,3 wk ahead inc death,2020-08-01,US,quantile,0.9,9087.72170912212
2020-07-13,3 wk ahead inc death,2020-08-01,US,quantile,0.95,10137.2996886202
2020-07-13,3 wk ahead inc death,2020-08-01,US,quantile,0.975,11022.262171576
2020-07-13,3 wk ahead inc death,2020-08-01,US,quantile,0.99,12332.3566818122
2020-07-13,4 wk ahead inc death,2020-08-08,US,quantile,0.01,3104.13193864625
2020-07-13,4 wk ahead inc death,2020-08-08,US,quantile,0.025,3434.07727429919
2020-07-13,4 wk ahead inc death,2020-08-08,US,quantile,0.05,3762.19413759497
2020-07-13,4 wk ahead inc death,2020-08-08,US,quantile,0.1,4199.71429978219
2020-07-13,4 wk ahead inc death,2020-08-08,US,quantile,0.15,4613.08375241116
2020-07-13,4 wk ahead inc death,2020-08-08,US,quantile,0.2,4966.5657902848
2020-07-13,4 wk ahead inc death,2020-08-08,US,quantile,0.25,5261.9214705085
2020-07-13,4 wk ahead inc death,2020-08-08,US,quantile,0.3,5580.46199373155
2020-07-13,4 wk ahead inc death,2020-08-08,US,quantile,0.35,5881.14337617348
2020-07-13,4 wk ahead inc death,2020-08-08,US,quantile,0.4,6191.8082039763
2020-07-13,4 wk ahead inc death,2020-08-08,US,quantile,0.45,6465.57194878438
2020-07-13,4 wk ahead inc death,2020-08-08,US,quantile,0.5,6804.01557936648
2020-07-13,4 wk ahead inc death,2020-08-08,US,quantile,0.55,7147.83791200891
2020-07-13,4 wk ahead inc death,2020-08-08,US,quantile,0.6,7526.64563107887
2020-07-13,4 wk ahead inc death,2020-08-08,US,quantile,0.65,7938.85197486625
2020-07-13,4 wk ahead inc death,2020-08-08,US,quantile,0.7,8388.46590378874
2020-07-13,4 wk ahead inc death,2020-08-08,US,quantile,0.75,8885.34578300908
2020-07-13,4 wk ahead inc death,2020-08-08,US,quantile,0.8,9514.07782934981
2020-07-13,4 wk ahead inc death,2020-08-08,US,quantile,0.85,10281.409020006
2020-07-13,4 wk ahead inc death,2020-08-08,US,quantile,0.9,11247.208933495
2020-07-13,4 wk ahead inc death,2020-08-08,US,quantile,0.95,12983.0559396629
2020-07-13,4 wk ahead inc death,2020-08-08,US,quantile,0.975,14492.2219497462
2020-07-13,4 wk ahead inc death,2020-08-08,US,quantile,0.99,16496.1890994336
2020-07-13,1 wk ahead inc death,2020-07-18,US,point,,4963.96948150128
2020-07-13,2 wk ahead inc death,2020-07-25,US,point,,5679.55358732614
2020-07-13,3 wk ahead inc death,2020-08-01,US,point,,6189.18239917983
2020-07-13,4 wk ahead inc death,2020-08-08,US,point,,6853.25503672385
